model,split,MAE,RMSE,R2,Directional_Accuracy,SpearmanRankCorr_mean,TopKHitRate_mean,Months_evaluated
RF daily,train_static_fit,0.05828211844678047,0.079245515983563,0.05917487909815189,0.5459781148013054,0.075922240514635,0.30137614678899083,109
RF daily,test_2025_rolling_fit,0.054755826178678774,0.0738594383215406,0.00420111117296762,0.5634765625,0.05145148589367501,0.36363636363636365,11
RF daily_ohlcv,train_static_fit,0.058103273025096804,0.07892856573094138,0.06383286486062811,0.547040678619626,0.09263693686654902,0.2987150598208059,109
RF daily_ohlcv,test_2025_rolling_fit,0.05467955355517683,0.07382332539344405,0.00517467364703883,0.5654296875,0.08183156386119714,0.3732057416267942,11
