model,split,MAE,RMSE,R2,Directional_Accuracy,SpearmanRankCorr_mean,TopKHitRate_mean,Months_evaluated
RF daily,train_static_fit,0.05828001327382073,0.07924137267259757,0.05930927852082546,0.5454981762334421,0.07564463500430715,0.3022935779816514,109
RF daily,test_2025_rolling_fit,0.05476439620827641,0.07387059977493933,0.004044571405405373,0.5634765625,0.050444243834372966,0.3684210526315789,11
RF daily_ohlcv,train_static_fit,0.05810255647479393,0.07892806597930034,0.06388112036471205,0.5471370734528629,0.09284753916982666,0.300549922206127,109
RF daily_ohlcv,test_2025_rolling_fit,0.0546878784464122,0.07382164622422385,0.005364122099709712,0.564453125,0.08632594594162508,0.3684210526315789,11
