model,split,cumulative_return,annualized_return,annualized_volatility,max_drawdown,sharpe_ratio,avg_turnover,median_turnover,max_turnover
RF daily,train_2015_2024,5.4365424034556264,0.20466214520511472,0.2035784343957871,-0.2612388603797646,1.0171662836325308,0.38073394495412843,0.4,0.75
RF daily,test_2025,0.36969877120798866,0.36969877120798866,0.14077194415841757,-0.03614346560666071,2.3261172252675233,0.33492822966507174,0.3684210526315789,0.5789473684210527
RF daily_ohlcv,train_2015_2024,6.263765516497177,0.2193157442786673,0.20071298860677064,-0.264650551439635,1.0900853692382915,0.38577981651376136,0.35,0.75
RF daily_ohlcv,test_2025,0.379055973328825,0.379055973328825,0.14438266038344144,-0.0447598827349428,2.319747654326367,0.3062200956937799,0.3157894736842105,0.47368421052631576
