{
    "cumulative_return": 0.3486137097473401,
    "annualized_return": 0.3486137097473401,
    "annualized_volatility": 0.14671467223058543,
    "max_drawdown": -0.04906247962075183,
    "sharpe_ratio": 2.129212850651234,
    "avg_turnover": 0.3588516746411483,
    "median_turnover": 0.3684210526315789,
    "max_turnover": 0.5789473684210527
}