model,split,MAE,RMSE,R2,Directional_Accuracy,SpearmanRankCorr_mean,TopKHitRate_mean,Months_evaluated
XGBoost daily,train_static_fit,0.05411027329999327,0.07127059301444758,0.23900771356609574,0.605010558648493,0.27856684199751064,0.37810236600676006,109
XGBoost daily,test_2025_rolling_fit,0.05514950494641902,0.0739777531352539,0.0010082321490539892,0.5361328125,0.05533279323189628,0.32057416267942584,11
XGBoost daily_ohlcv,train_static_fit,0.05319124357599659,0.0698201083956101,0.2674352683980368,0.6213610950453056,0.3171485527709512,0.38722570953377333,109
XGBoost daily_ohlcv,test_2025_rolling_fit,0.05522258219898636,0.074440284142579,-0.01152278286196573,0.5546875,0.03795929711567782,0.2966507177033493,11
