model,train_R2,test_R2,train_Spearman,test_Spearman,train_TopK,test_TopK
XGBoost daily,0.2383519632085188,0.002880535053923161,0.27586621693397223,0.05678571345021796,0.38278609367455335,0.32057416267942584
XGBoost daily_ohlcv,0.26781958503760295,-0.01145477879766399,0.32153085858230185,0.04208742396454523,0.38862599924888674,0.3014354066985646
