model,split,MAE,RMSE,R2,Directional_Accuracy,SpearmanRankCorr_mean,TopKHitRate_mean,Months_evaluated
XGBoost daily,train_static_fit,0.054112872224167226,0.07130265861161024,0.2383519632085188,0.6030908043770398,0.27586621693397223,0.38278609367455335,109
XGBoost daily,test_2025_rolling_fit,0.05505978488605549,0.07391375579915493,0.002880535053923161,0.5390625,0.05678571345021796,0.32057416267942584,11
XGBoost daily_ohlcv,train_static_fit,0.05316721410579746,0.06980314864019259,0.26781958503760295,0.6214574898785425,0.32153085858230185,0.38862599924888674,109
XGBoost daily_ohlcv,test_2025_rolling_fit,0.05517136801381817,0.07444317725664547,-0.01145477879766399,0.55859375,0.04208742396454523,0.3014354066985646,11
