model,train_R2,test_R2,train_Spearman,test_Spearman,train_TopK,test_TopK
XGBoost daily,0.23900771356609574,0.0010082321490539892,0.27856684199751064,0.05533279323189628,0.37810236600676006,0.32057416267942584
XGBoost daily_ohlcv,0.2674352683980368,-0.01152278286196573,0.3171485527709512,0.03795929711567782,0.38722570953377333,0.2966507177033493
