model,split,cumulative_return,annualized_return,annualized_volatility,max_drawdown,sharpe_ratio,avg_turnover,median_turnover,max_turnover
XGBoost daily,train_2015_2024,62.91755099100008,0.5155211886429494,0.2002813034310868,-0.1917077531989323,2.20328343974507,0.6472477064220185,0.65,1.0
XGBoost daily,test_2025,0.3068144383753295,0.3068144383753295,0.13343210829833127,-0.045292796158787896,2.087147675877855,0.4880382775119617,0.5263157894736842,0.6842105263157895
XGBoost daily_ohlcv,train_2015_2024,94.07302068623214,0.5769057227156913,0.1956758871571785,-0.16972248207492358,2.460817317830851,0.6279816513761468,0.65,1.0
XGBoost daily_ohlcv,test_2025,0.2785085513371499,0.2785085513371499,0.1225485944986445,-0.05036835726718458,2.0807109645703257,0.48325358851674644,0.5263157894736842,0.6842105263157895
