{
    "cumulative_return": 1.5742806028686558,
    "annualized_return": 0.09917182706222682,
    "annualized_volatility": 0.13088239867070567,
    "max_drawdown": -0.2552874065446634,
    "sharpe_ratio": 0.7918589416171935,
    "avg_turnover": 0.20708333333333334,
    "median_turnover": 0.2,
    "max_turnover": 0.55
}