model,MAE,RMSE,R2,Directional_Accuracy,SpearmanRankCorr_mean,TopKHitRate_mean,Months_evaluated
Ridge daily,0.054532378695807175,0.07336791355552974,0.01755331803635063,0.5546875,0.04253289915327047,0.30143540669856456,11
Ridge daily_ohlcv,0.05472520274892144,0.07387365444351907,0.0039621630420833,0.560546875,0.048323335250801326,0.2727272727272727,11
RF daily,0.05476439620827641,0.07387059977493933,0.004044571405405373,0.5634765625,0.050444243834372966,0.3684210526315789,11
RF daily_ohlcv,0.0546878784464122,0.07382164622422385,0.005364122099709712,0.564453125,0.08632594594162508,0.3684210526315789,11
XGBoost daily,0.05505978488605549,0.07391375579915493,0.002880535053923161,0.5390625,0.05678571345021796,0.32057416267942584,11
XGBoost daily_ohlcv,0.05517136801381817,0.07444317725664547,-0.01145477879766399,0.55859375,0.04208742396454523,0.3014354066985646,11
MLP daily,0.05501634813927108,0.07467887186722862,-0.017869614829024494,0.546875,-0.0030876230715623618,0.22488038277511954,11
MLP daily_ohlcv,0.05499233735574155,0.0744950389071377,-0.012864551676330827,0.5673828125,-0.03784036019873,0.24880382775119617,11
LSTM,0.05474415935370218,0.07435340467568001,-0.001578027302252094,0.5445544554455446,0.03270771091399501,0.20148856990962252,11
