Metric,Baseline,Ridge,RandomForest,XGBoost,MLP
cumulative_return,0.2955689511146875,0.05599583429388999,0.2554960972424043,0.2358397345765706,0.16380601738575828
annualized_return,0.2955689511146875,0.05599583429388999,0.2554960972424043,0.2358397345765706,0.16380601738575828
annualized_volatility,0.1277135566202153,0.16545251218443788,0.1683548574465876,0.12683276648095837,0.136884467015647
max_drawdown,-0.07575019284533024,-0.11675435148291724,-0.09597302831075472,-0.06368204546045919,-0.07058639748727369
sharpe_ratio,2.10910537680073,0.40585652254925436,1.4408780416243492,1.741929456760951,1.1770361062322048
avg_turnover,0.15,0.5909090909090908,0.38181818181818183,0.5681818181818182,0.5136363636363636
median_turnover,0.15,0.6,0.4,0.65,0.55
max_turnover,0.3,0.85,0.6,0.75,0.8
