Metric,Ridge,RandomForest,XGBoost,MLP
MAE,0.05521962966061775,0.05494535870756136,0.05551072222663742,0.055744182553396505
RMSE,0.07431434635983687,0.07386993167573593,0.07469859706151487,0.07517768750593584
R2,-0.008686076288087374,0.0033421400378887967,-0.019144093782547777,-0.032258877374542694
Directional_Accuracy,0.5297891842346472,0.5591200733272227,0.5444546287809349,0.47296058661778184
SpearmanRankCorr_mean,-0.04903204977269526,0.08805411613703348,0.060044375495063425,-0.009363385976395158
TopKHitRate_mean,0.21363636363636365,0.33181818181818185,0.3227272727272727,0.2727272727272727
Months_evaluated,11.0,11.0,11.0,11.0
