Strategy,Gross_Return_2025,Return_10bps,Return_20bps,Sharpe_20bps,Avg_Turnover
Baseline,0.2955689511146875,0.29326544229515994,0.29096556378067606,2.0764485041968435,0.15
Ridge,0.05599583429388999,0.049202765747354604,0.042448920960506786,0.3280146685734849,0.5909090909090908
Random Forest,0.2554960972424043,0.2503419136328744,0.2452067085583729,1.3925555370322975,0.38181818181818183
XGBoost,0.2358397345765706,0.22828571774072293,0.22077315234570172,1.6469059930573238,0.5681818181818182
MLP,0.16380601738575828,0.15733259981834524,0.15089145720300268,1.0955473521345895,0.5136363636363636
