{
    "cumulative_return": 2.071397984590146,
    "annualized_return": 0.11875144558858941,
    "annualized_volatility": 0.18576082716519401,
    "max_drawdown": -0.33593979540929253,
    "sharpe_ratio": 0.6970588076230549,
    "avg_turnover": 0.5564814814814815,
    "median_turnover": 0.55,
    "max_turnover": 0.9
}