{
    "cost_0bps": {
        "cumulative_return": 1.2124930959422806,
        "annualized_return": 0.08265027966752037,
        "annualized_volatility": 0.16490042838988345,
        "max_drawdown": -0.3022874234814277,
        "sharpe_ratio": 0.5655562191810241,
        "avg_turnover": 0.48750000000000004,
        "median_turnover": 0.5,
        "max_turnover": 0.8
    },
    "cost_10bps": {
        "cumulative_return": 1.0994327035684548,
        "annualized_return": 0.07698634214710376,
        "annualized_volatility": 0.16493450221589565,
        "max_drawdown": -0.30331686051236306,
        "sharpe_ratio": 0.533517618444257,
        "avg_turnover": 0.48750000000000004,
        "median_turnover": 0.5,
        "max_turnover": 0.8
    },
    "cost_20bps": {
        "cumulative_return": 0.9920949056660875,
        "annualized_return": 0.07134908365204451,
        "annualized_volatility": 0.1649712905466331,
        "max_drawdown": -0.30434541607741017,
        "sharpe_ratio": 0.5014840009275914,
        "avg_turnover": 0.48750000000000004,
        "median_turnover": 0.5,
        "max_turnover": 0.8
    }
}