{
    "cumulative_return": 0.16380601738575828,
    "annualized_return": 0.16380601738575828,
    "annualized_volatility": 0.136884467015647,
    "max_drawdown": -0.07058639748727369,
    "sharpe_ratio": 1.1770361062322048,
    "avg_turnover": 0.5136363636363636,
    "median_turnover": 0.55,
    "max_turnover": 0.8
}