{
    "cost_0bps": {
        "cumulative_return": 0.16380601738575828,
        "annualized_return": 0.16380601738575828,
        "annualized_volatility": 0.136884467015647,
        "max_drawdown": -0.07058639748727369,
        "sharpe_ratio": 1.1770361062322048,
        "avg_turnover": 0.5136363636363636,
        "median_turnover": 0.55,
        "max_turnover": 0.8
    },
    "cost_10bps": {
        "cumulative_return": 0.15733259981834524,
        "annualized_return": 0.15733259981834524,
        "annualized_volatility": 0.1368155177556767,
        "max_drawdown": -0.07155728847953591,
        "sharpe_ratio": 1.1363327976977027,
        "avg_turnover": 0.5136363636363636,
        "median_turnover": 0.55,
        "max_turnover": 0.8
    },
    "cost_20bps": {
        "cumulative_return": 0.15089145720300268,
        "annualized_return": 0.15089145720300268,
        "annualized_volatility": 0.13675169746689547,
        "max_drawdown": -0.07252769947179805,
        "sharpe_ratio": 1.0955473521345895,
        "avg_turnover": 0.5136363636363636,
        "median_turnover": 0.55,
        "max_turnover": 0.8
    }
}