{
    "cumulative_return": 0.38087003830555877,
    "annualized_return": 0.38087003830555877,
    "annualized_volatility": 0.1307125092343079,
    "max_drawdown": -0.06820708568143807,
    "sharpe_ratio": 2.5625897601199936,
    "avg_turnover": 0.13749999999999998,
    "median_turnover": 0.125,
    "max_turnover": 0.35
}