{
    "cost_0bps": {
        "cumulative_return": 1.5986930528021168,
        "annualized_return": 0.10020977334600367,
        "annualized_volatility": 0.13073020567159008,
        "max_drawdown": -0.25528742834684415,
        "sharpe_ratio": 0.7999089362698278,
        "avg_turnover": 0.20625,
        "median_turnover": 0.2,
        "max_turnover": 0.55
    },
    "cost_10bps": {
        "cumulative_return": 1.5357206655732503,
        "annualized_return": 0.09751418233693099,
        "annualized_volatility": 0.1306927590088907,
        "max_drawdown": -0.25563349629384824,
        "sharpe_ratio": 0.7812005847252181,
        "avg_turnover": 0.20625,
        "median_turnover": 0.2,
        "max_turnover": 0.55
    },
    "cost_20bps": {
        "cumulative_return": 1.474258230873676,
        "annualized_return": 0.09482448706974655,
        "annualized_volatility": 0.13065645762689135,
        "max_drawdown": -0.2559794842408524,
        "sharpe_ratio": 0.7624748257111286,
        "avg_turnover": 0.20625,
        "median_turnover": 0.2,
        "max_turnover": 0.55
    }
}