{
    "cost_0bps": {
        "cumulative_return": 0.38087003830555877,
        "annualized_return": 0.38087003830555877,
        "annualized_volatility": 0.1307125092343079,
        "max_drawdown": -0.06820708568143807,
        "sharpe_ratio": 2.5625897601199936,
        "avg_turnover": 0.13749999999999998,
        "median_turnover": 0.125,
        "max_turnover": 0.35
    },
    "cost_10bps": {
        "cumulative_return": 0.378628711252494,
        "annualized_return": 0.378628711252494,
        "annualized_volatility": 0.13084605109749972,
        "max_drawdown": -0.06855708568143815,
        "sharpe_ratio": 2.547364134321947,
        "avg_turnover": 0.13749999999999998,
        "median_turnover": 0.125,
        "max_turnover": 0.35
    },
    "cost_20bps": {
        "cumulative_return": 0.37639057487186234,
        "annualized_return": 0.37639057487186234,
        "annualized_volatility": 0.1309802532508379,
        "max_drawdown": -0.06890708568143811,
        "sharpe_ratio": 2.53215679044586,
        "avg_turnover": 0.13749999999999998,
        "median_turnover": 0.125,
        "max_turnover": 0.35
    }
}