{
    "cumulative_return": 1.5986930528021168,
    "annualized_return": 0.10020977334600367,
    "annualized_volatility": 0.13073020567159008,
    "max_drawdown": -0.25528742834684415,
    "sharpe_ratio": 0.7999089362698278,
    "avg_turnover": 0.20625,
    "median_turnover": 0.2,
    "max_turnover": 0.55
}