{
    "cumulative_return": 69.36513105610288,
    "annualized_return": 0.5301561427719821,
    "annualized_volatility": 0.16789466592569097,
    "max_drawdown": -0.11830207128045678,
    "sharpe_ratio": 2.656651969208264,
    "avg_turnover": 0.6305555555555555,
    "median_turnover": 0.65,
    "max_turnover": 0.95
}