{
    "cost_0bps": {
        "cumulative_return": 69.36513105610288,
        "annualized_return": 0.5301561427719821,
        "annualized_volatility": 0.16789466592569097,
        "max_drawdown": -0.11830207128045678,
        "sharpe_ratio": 2.656651969208264,
        "avg_turnover": 0.6305555555555555,
        "median_turnover": 0.65,
        "max_turnover": 0.95
    },
    "cost_10bps": {
        "cumulative_return": 64.88925496360736,
        "annualized_return": 0.5201325541881243,
        "annualized_volatility": 0.16783839067496495,
        "max_drawdown": -0.11979861775657041,
        "sharpe_ratio": 2.616967983812815,
        "avg_turnover": 0.6305555555555555,
        "median_turnover": 0.65,
        "max_turnover": 0.95
    },
    "cost_20bps": {
        "cumulative_return": 60.695491627676454,
        "annualized_return": 0.5101682763359734,
        "annualized_volatility": 0.1677858097576741,
        "max_drawdown": -0.12129392923268423,
        "sharpe_ratio": 2.5772006314215306,
        "avg_turnover": 0.6305555555555555,
        "median_turnover": 0.65,
        "max_turnover": 0.95
    }
}