{
    "train": {
        "regression": {
            "MAE": 0.054422407314720124,
            "RMSE": 0.07389893207990007,
            "R2": 0.20483389100414695,
            "Directional_Accuracy": 0.6299779291814606
        },
        "ranking": {
            "SpearmanRankCorr_mean": 0.32956271189001973,
            "TopKHitRate_mean": 0.40419103313840143,
            "Months_evaluated": 108
        }
    },
    "test_2025": {
        "regression": {
            "MAE": 0.05551072222663742,
            "RMSE": 0.07469859706151487,
            "R2": -0.019144093782547777,
            "Directional_Accuracy": 0.5444546287809349
        },
        "ranking": {
            "SpearmanRankCorr_mean": 0.060044375495063425,
            "TopKHitRate_mean": 0.3227272727272727,
            "Months_evaluated": 11
        }
    }
}