cost_scenario,cumulative_return,annualized_return,annualized_volatility,max_drawdown,sharpe_ratio,avg_turnover,median_turnover,max_turnover
cost_0bps,0.38087003830555877,0.38087003830555877,0.1307125092343079,-0.06820708568143807,2.5625897601199936,0.13749999999999998,0.125,0.35
cost_10bps,0.378628711252494,0.378628711252494,0.13084605109749972,-0.06855708568143815,2.547364134321947,0.13749999999999998,0.125,0.35
cost_20bps,0.37639057487186234,0.37639057487186234,0.1309802532508379,-0.06890708568143811,2.53215679044586,0.13749999999999998,0.125,0.35
