cost_scenario,cumulative_return,sharpe_ratio
cost_0bps,0.38087005336811575,2.5625899167639097
cost_10bps,0.37862872629322375,2.5473642903507323
cost_20bps,0.376390589890792,2.5321569458603497
