cost_scenario,cumulative_return,annualized_return,annualized_volatility,max_drawdown,sharpe_ratio,avg_turnover,median_turnover,max_turnover
cost_0bps,0.38087005336811575,0.38087005336811575,0.13071250544704005,-0.06820708446973589,2.5625899167639097,0.13749999999999998,0.125,0.35
cost_10bps,0.37862872629322375,0.37862872629322375,0.13084604731097985,-0.06855708446973585,2.5473642903507323,0.13749999999999998,0.125,0.35
cost_20bps,0.376390589890792,0.376390589890792,0.1309802494650835,-0.06890708446973592,2.5321569458603497,0.13749999999999998,0.125,0.35
