metric,train_2015_2024,test_2025
avg_turnover,0.20708333333333334,0.13749999999999998
median_turnover,0.2,0.125
max_turnover,0.55,0.35
