cost_scenario,cumulative_return,annualized_return,annualized_volatility,max_drawdown,sharpe_ratio,avg_turnover,median_turnover,max_turnover
cost_0bps,1.5986930528021168,0.10020977334600367,0.13073020567159008,-0.25528742834684415,0.7999089362698278,0.20625,0.2,0.55
cost_10bps,1.5357206655732503,0.09751418233693099,0.1306927590088907,-0.25563349629384824,0.7812005847252181,0.20625,0.2,0.55
cost_20bps,1.474258230873676,0.09482448706974655,0.13065645762689135,-0.2559794842408524,0.7624748257111286,0.20625,0.2,0.55
