cost_scenario,cumulative_return,sharpe_ratio
cost_0bps,0.38087003830555877,2.5625897601199936
cost_10bps,0.378628711252494,2.547364134321947
cost_20bps,0.37639057487186234,2.53215679044586
