metric,train_2015_2024,test_2025
cumulative_return,1.5742802395098145,0.38087005336811575
annualized_return,0.09917181154745247,0.38087005336811575
annualized_volatility,0.13088239505144827,0.13071250544704005
max_drawdown,-0.25528741771774877,-0.06820708446973589
sharpe_ratio,0.7918588519677835,2.5625899167639097
avg_turnover,0.20708333333333334,0.13749999999999998
median_turnover,0.2,0.125
max_turnover,0.55,0.35
