metric,train_2015_2024,test_2025
cumulative_return,1.5986930528021168,0.38087003830555877
annualized_return,0.10020977334600367,0.38087003830555877
annualized_volatility,0.13073020567159008,0.1307125092343079
max_drawdown,-0.25528742834684415,-0.06820708568143807
sharpe_ratio,0.7999089362698278,2.5625897601199936
avg_turnover,0.20625,0.13749999999999998
median_turnover,0.2,0.125
max_turnover,0.55,0.35
