{
    "cost_0bps": {
        "cumulative_return": 4.557907684869168,
        "annualized_return": 0.18711046326344505,
        "annualized_volatility": 0.19790511655139445,
        "max_drawdown": -0.2290447745125591,
        "sharpe_ratio": 0.9651561508602098,
        "avg_turnover": 0.5330275229357798,
        "median_turnover": 0.55,
        "max_turnover": 0.9
    },
    "cost_10bps": {
        "cumulative_return": 4.248527837923726,
        "annualized_return": 0.18033082876782447,
        "annualized_volatility": 0.19784904450415736,
        "max_drawdown": -0.23036174695975298,
        "sharpe_ratio": 0.9360638611645834,
        "avg_turnover": 0.5330275229357798,
        "median_turnover": 0.55,
        "max_turnover": 0.9
    },
    "cost_20bps": {
        "cumulative_return": 3.956209814654211,
        "annualized_return": 0.17358613046395455,
        "annualized_volatility": 0.19779551838645507,
        "max_drawdown": -0.2316775944069469,
        "sharpe_ratio": 0.9069434029126594,
        "avg_turnover": 0.5330275229357798,
        "median_turnover": 0.55,
        "max_turnover": 0.9
    }
}