{
    "cost_0bps": {
        "cumulative_return": 0.29091996074667015,
        "annualized_return": 0.29091996074667015,
        "annualized_volatility": 0.13575413749199802,
        "max_drawdown": -0.04389018933346922,
        "sharpe_ratio": 1.9611352811463512,
        "avg_turnover": 0.4497607655502392,
        "median_turnover": 0.47368421052631576,
        "max_turnover": 0.631578947368421
    },
    "cost_10bps": {
        "cumulative_return": 0.28471483143040355,
        "annualized_return": 0.28471483143040355,
        "annualized_volatility": 0.1354960940225757,
        "max_drawdown": -0.04441650512294293,
        "sharpe_ratio": 1.9283571387125247,
        "avg_turnover": 0.4497607655502392,
        "median_turnover": 0.47368421052631576,
        "max_turnover": 0.631578947368421
    },
    "cost_20bps": {
        "cumulative_return": 0.27853649157242377,
        "annualized_return": 0.27853649157242377,
        "annualized_volatility": 0.13524134936827728,
        "max_drawdown": -0.04494282091241664,
        "sharpe_ratio": 1.8954076763683358,
        "avg_turnover": 0.4497607655502392,
        "median_turnover": 0.47368421052631576,
        "max_turnover": 0.631578947368421
    }
}