{
    "cumulative_return": 0.1826095206952325,
    "annualized_return": 0.1826095206952325,
    "annualized_volatility": 0.13184700335491048,
    "max_drawdown": -0.07009731599398172,
    "sharpe_ratio": 1.340222780538301,
    "avg_turnover": 0.5119617224880383,
    "median_turnover": 0.5263157894736842,
    "max_turnover": 0.7894736842105263
}