{
    "cumulative_return": 4.476914879324847,
    "annualized_return": 0.18536909234104715,
    "annualized_volatility": 0.1997094417815244,
    "max_drawdown": -0.2556800456876027,
    "sharpe_ratio": 0.9503413156972766,
    "avg_turnover": 0.5623853211009174,
    "median_turnover": 0.55,
    "max_turnover": 1.0
}