{
    "cost_0bps": {
        "cumulative_return": 4.557907004010428,
        "annualized_return": 0.18711044872101956,
        "annualized_volatility": 0.19790512559204448,
        "max_drawdown": -0.22904479278351153,
        "sharpe_ratio": 0.9651560517528216,
        "avg_turnover": 0.5330275229357798,
        "median_turnover": 0.55,
        "max_turnover": 0.9
    },
    "cost_10bps": {
        "cumulative_return": 4.248527194721142,
        "annualized_return": 0.1803308143029707,
        "annualized_volatility": 0.19784905353584073,
        "max_drawdown": -0.23036176521580698,
        "sharpe_ratio": 0.9360637634008937,
        "avg_turnover": 0.5330275229357798,
        "median_turnover": 0.55,
        "max_turnover": 0.9
    },
    "cost_20bps": {
        "cumulative_return": 3.95620920704458,
        "annualized_return": 0.17358611607630148,
        "annualized_volatility": 0.19779552740905057,
        "max_drawdown": -0.2316776126481026,
        "sharpe_ratio": 0.9069433064938738,
        "avg_turnover": 0.5330275229357798,
        "median_turnover": 0.55,
        "max_turnover": 0.9
    }
}