{
    "train": {
        "regression": {
            "MAE": 0.05771491007768551,
            "RMSE": 0.07777970568008273,
            "R2": 0.09369271461892892,
            "Directional_Accuracy": 0.5532731810328277
        },
        "ranking": {
            "SpearmanRankCorr_mean": 0.07740209179482344,
            "TopKHitRate_mean": 0.2663447609850314,
            "Months_evaluated": 109
        }
    },
    "test_2025": {
        "regression": {
            "MAE": 0.05501634813927108,
            "RMSE": 0.07467887186722862,
            "R2": -0.017869614829024494,
            "Directional_Accuracy": 0.546875
        },
        "ranking": {
            "SpearmanRankCorr_mean": -0.0030876230715623618,
            "TopKHitRate_mean": 0.22488038277511954,
            "Months_evaluated": 11
        }
    }
}