{
    "cumulative_return": 0.2554960972424043,
    "annualized_return": 0.2554960972424043,
    "annualized_volatility": 0.1683548574465876,
    "max_drawdown": -0.09597302831075472,
    "sharpe_ratio": 1.4408780416243492,
    "avg_turnover": 0.38181818181818183,
    "median_turnover": 0.4,
    "max_turnover": 0.6
}