{
    "cost_0bps": {
        "cumulative_return": 12.351890209382717,
        "annualized_return": 0.2958486339976345,
        "annualized_volatility": 0.16816447245988303,
        "max_drawdown": -0.20108895178932196,
        "sharpe_ratio": 1.6374556831215064,
        "avg_turnover": 0.5055555555555555,
        "median_turnover": 0.5,
        "max_turnover": 0.75
    },
    "cost_10bps": {
        "cumulative_return": 11.656226454315007,
        "annualized_return": 0.28893323982164154,
        "annualized_volatility": 0.16817026043306013,
        "max_drawdown": -0.20260586132587344,
        "sharpe_ratio": 1.6049322301906015,
        "avg_turnover": 0.5055555555555555,
        "median_turnover": 0.5,
        "max_turnover": 0.75
    },
    "cost_20bps": {
        "cumulative_return": 10.996464325119224,
        "annualized_return": 0.282051073566022,
        "annualized_volatility": 0.16817896649215006,
        "max_drawdown": -0.20412088409950468,
        "sharpe_ratio": 1.572383732902227,
        "avg_turnover": 0.5055555555555555,
        "median_turnover": 0.5,
        "max_turnover": 0.75
    }
}