{
    "cumulative_return": 12.351890209382717,
    "annualized_return": 0.2958486339976345,
    "annualized_volatility": 0.16816447245988303,
    "max_drawdown": -0.20108895178932196,
    "sharpe_ratio": 1.6374556831215064,
    "avg_turnover": 0.5055555555555555,
    "median_turnover": 0.5,
    "max_turnover": 0.75
}