{
    "cumulative_return": 94.07302068623214,
    "annualized_return": 0.5769057227156913,
    "annualized_volatility": 0.1956758871571785,
    "max_drawdown": -0.16972248207492358,
    "sharpe_ratio": 2.460817317830851,
    "avg_turnover": 0.6279816513761468,
    "median_turnover": 0.65,
    "max_turnover": 1.0
}