{
    "cumulative_return": 0.29027117589985796,
    "annualized_return": 0.29027117589985796,
    "annualized_volatility": 0.12028001163665636,
    "max_drawdown": -0.04969014927833626,
    "sharpe_ratio": 2.195510446661471,
    "avg_turnover": 0.5167464114832535,
    "median_turnover": 0.5263157894736842,
    "max_turnover": 0.7368421052631579
}