{
    "cost_0bps": {
        "cumulative_return": 94.07302068623214,
        "annualized_return": 0.5769057227156913,
        "annualized_volatility": 0.1956758871571785,
        "max_drawdown": -0.16972248207492358,
        "sharpe_ratio": 2.460817317830851,
        "avg_turnover": 0.6279816513761468,
        "median_turnover": 0.65,
        "max_turnover": 1.0
    },
    "cost_10bps": {
        "cumulative_return": 88.0147940143486,
        "annualized_return": 0.566557063417479,
        "annualized_volatility": 0.19558184789993438,
        "max_drawdown": -0.17170859565004049,
        "sharpe_ratio": 2.427002387466754,
        "avg_turnover": 0.6279816513761468,
        "median_turnover": 0.65,
        "max_turnover": 1.0
    },
    "cost_20bps": {
        "cumulative_return": 82.33910339462399,
        "annualized_return": 0.5562697730948156,
        "annualized_volatility": 0.19549092417622593,
        "max_drawdown": -0.17369155888482057,
        "sharpe_ratio": 2.3931167841662626,
        "avg_turnover": 0.6279816513761468,
        "median_turnover": 0.65,
        "max_turnover": 1.0
    }
}