{
    "cumulative_return": 94.13093703276814,
    "annualized_return": 0.5770017579435445,
    "annualized_volatility": 0.19636079794894826,
    "max_drawdown": -0.17361631871433636,
    "sharpe_ratio": 2.4534603201927645,
    "avg_turnover": 0.6252293577981654,
    "median_turnover": 0.65,
    "max_turnover": 0.95
}