metric,train_2015_2024,test_2025
cumulative_return,1.2440492068329894,0.13233509242311903
annualized_return,0.084184608497891,0.13233509242311903
annualized_volatility,0.13959818912891098,0.08652118161481061
max_drawdown,-0.23523746599818607,-0.03924515564137421
sharpe_ratio,0.6503286662140223,1.4831093164592595
avg_turnover,0.7263392857142856,0.7
median_turnover,0.75,0.8
max_turnover,1.0,0.9
