model,split,MAE,RMSE,R2,Directional_Accuracy,SpearmanRankCorr_mean,TopKHitRate_mean,Months_evaluated
MLP daily,train_2015_2024,0.05779204948176724,0.07802812415747086,0.08785928306506663,0.5553849107314264,0.07507824971303219,0.2839208112023177,109
MLP daily,test_2025,0.054950597043290805,0.07440105376036799,-0.010456935787896748,0.548828125,0.08189322769794893,0.3062200956937799,11
MLP daily_ohlcv,train_2015_2024,0.05764687678874869,0.07767915610754136,0.09323663286483008,0.5476190476190477,0.08286437948612523,0.27059123343527014,109
MLP daily_ohlcv,test_2025,0.054950755794404574,0.07436785259581387,-0.009555285933614321,0.572265625,-0.04201597012415892,0.24880382775119617,11
