model,split,cumulative_return,annualized_return,annualized_volatility,max_drawdown,sharpe_ratio,avg_turnover,median_turnover,max_turnover
MLP daily,train_2015_2024,4.476914879324847,0.18536909234104715,0.1997094417815244,-0.2556800456876027,0.9503413156972766,0.5623853211009174,0.55,1.0
MLP daily,test_2025,0.1826095206952325,0.1826095206952325,0.13184700335491048,-0.07009731599398172,1.340222780538301,0.5119617224880383,0.5263157894736842,0.7894736842105263
MLP daily_ohlcv,train_2015_2024,4.854335996568801,0.19329484480640335,0.18424361017463106,-0.20588476195384608,1.0513605058573667,0.6128440366972476,0.6,0.9
MLP daily_ohlcv,test_2025,0.151739228015358,0.151739228015358,0.1572178853702845,-0.09119849225715826,0.9760270921780494,0.5119617224880383,0.5263157894736842,0.7368421052631579
