model,split,MAE,RMSE,R2,Directional_Accuracy,SpearmanRankCorr_mean,TopKHitRate_mean,Months_evaluated
MLP daily,train_2015_2024,0.05771491007768551,0.07777970568008273,0.09369271461892892,0.5532731810328277,0.07740209179482344,0.2663447609850314,109
MLP daily,test_2025,0.05501634813927108,0.07467887186722862,-0.017869614829024494,0.546875,-0.0030876230715623618,0.22488038277511954,11
MLP daily_ohlcv,train_2015_2024,0.05762162085149344,0.07754097862153804,0.09649483944837833,0.5463659147869674,0.07929575853761216,0.27140941037609306,109
MLP daily_ohlcv,test_2025,0.05499233735574155,0.0744950389071377,-0.012864551676330827,0.5673828125,-0.03784036019873,0.24880382775119617,11
