model,split,cumulative_return,annualized_return,annualized_volatility,max_drawdown,sharpe_ratio,avg_turnover,median_turnover,max_turnover
MLP daily,test_2025,0.29091992863296734,0.29091992863296734,0.1357541215109976,-0.043890159973756115,1.9611353096658284,0.4497607655502392,0.47368421052631576,0.631578947368421
MLP daily_ohlcv,test_2025,0.14103103701232023,0.14103103701232023,0.14019105226364292,-0.07965919957694867,1.009288311222771,0.5502392344497608,0.5789473684210527,0.7368421052631579
LSTM,test_2025,0.16931614437065812,0.16931614437065812,0.0885444306336424,-0.03911231841693841,1.818266767213506,0.6727272727272727,0.7,0.9
