model,split,cumulative_return,annualized_return,annualized_volatility,max_drawdown,sharpe_ratio,avg_turnover,median_turnover,max_turnover
MLP daily,test_2025,0.1826095206952325,0.1826095206952325,0.13184700335491048,-0.07009731599398172,1.340222780538301,0.5119617224880383,0.5263157894736842,0.7894736842105263
MLP daily_ohlcv,test_2025,0.151739228015358,0.151739228015358,0.1572178853702845,-0.09119849225715826,0.9760270921780494,0.5119617224880383,0.5263157894736842,0.7368421052631579
LSTM,test_2025,0.13233509242311903,0.13233509242311903,0.08652118161481061,-0.03924515564137421,1.4831093164592595,0.7,0.8,0.9
