,Baseline (Test 2025),Ridge (Test 2025)
cumulative_return,0.38087003696954125,0.09982490514521891
annualized_return,0.38087003696954125,0.09982490514521891
annualized_volatility,0.13071252446768572,0.1683402250429163
max_drawdown,-0.06820710375705785,-0.11364023944312385
sharpe_ratio,2.5625894689784947,0.6442621398333129
avg_turnover,0.13749999999999998,0.5181818181818182
median_turnover,0.125,0.5
max_turnover,0.35,0.75
