,Baseline (Train 2015–2024),Ridge (Train 2015–2024)
cumulative_return,1.5742799066040059,2.071397984590146
annualized_return,0.09917179733296666,0.11875144558858941
annualized_volatility,0.13088238635980737,0.18576082716519401
max_drawdown,-0.25528743420742794,-0.33593979540929253
sharpe_ratio,0.7918587968965566,0.6970588076230549
avg_turnover,0.20708333333333334,0.5564814814814815
median_turnover,0.2,0.55
max_turnover,0.55,0.9
