{
    "cost_0bps": {
        "cumulative_return": 0.6445069945822395,
        "annualized_return": 0.05100207268001267,
        "annualized_volatility": 0.18640529953886867,
        "max_drawdown": -0.4118451018774124,
        "sharpe_ratio": 0.364771109386541,
        "avg_turnover": 0.6398148148148146,
        "median_turnover": 0.65,
        "max_turnover": 0.9
    },
    "cost_10bps": {
        "cumulative_return": 0.5349881429376155,
        "annualized_return": 0.043783680759957866,
        "annualized_volatility": 0.18639542781154647,
        "max_drawdown": -0.419829993862348,
        "sharpe_ratio": 0.32771870332615344,
        "avg_turnover": 0.6398148148148146,
        "median_turnover": 0.65,
        "max_turnover": 0.9
    },
    "cost_20bps": {
        "cumulative_return": 0.43269681450536024,
        "annualized_return": 0.036610084587219704,
        "annualized_volatility": 0.1863890559530424,
        "max_drawdown": -0.42771194287379355,
        "sharpe_ratio": 0.2906569145453055,
        "avg_turnover": 0.6398148148148146,
        "median_turnover": 0.65,
        "max_turnover": 0.9
    }
}