{
    "cumulative_return": 0.1398783884077195,
    "annualized_return": 0.1398783884077195,
    "annualized_volatility": 0.1658262655009859,
    "max_drawdown": -0.09221542154615703,
    "sharpe_ratio": 0.8686408663177959,
    "avg_turnover": 0.5909090909090908,
    "median_turnover": 0.6,
    "max_turnover": 0.9
}