{
    "cost_0bps": {
        "cumulative_return": 0.05599583429388999,
        "annualized_return": 0.05599583429388999,
        "annualized_volatility": 0.16545251218443788,
        "max_drawdown": -0.11675435148291724,
        "sharpe_ratio": 0.40585652254925436,
        "avg_turnover": 0.5909090909090908,
        "median_turnover": 0.6,
        "max_turnover": 0.85
    },
    "cost_10bps": {
        "cumulative_return": 0.049202765747354604,
        "annualized_return": 0.049202765747354604,
        "annualized_volatility": 0.1652655678942483,
        "max_drawdown": -0.11818932368612456,
        "sharpe_ratio": 0.3669849806889198,
        "avg_turnover": 0.5909090909090908,
        "median_turnover": 0.6,
        "max_turnover": 0.85
    },
    "cost_20bps": {
        "cumulative_return": 0.042448920960506786,
        "annualized_return": 0.042448920960506786,
        "annualized_volatility": 0.1650840234606243,
        "max_drawdown": -0.11962276236041336,
        "sharpe_ratio": 0.3280146685734849,
        "avg_turnover": 0.5909090909090908,
        "median_turnover": 0.6,
        "max_turnover": 0.85
    }
}