{
    "cumulative_return": 0.6445069945822395,
    "annualized_return": 0.05100207268001267,
    "annualized_volatility": 0.18640529953886867,
    "max_drawdown": -0.4118451018774124,
    "sharpe_ratio": 0.364771109386541,
    "avg_turnover": 0.6398148148148146,
    "median_turnover": 0.65,
    "max_turnover": 0.9
}