{
    "cumulative_return": 0.05599583429388999,
    "annualized_return": 0.05599583429388999,
    "annualized_volatility": 0.16545251218443788,
    "max_drawdown": -0.11675435148291724,
    "sharpe_ratio": 0.40585652254925436,
    "avg_turnover": 0.5909090909090908,
    "median_turnover": 0.6,
    "max_turnover": 0.85
}