{
    "train": {
        "regression": {
            "MAE": 0.05925087229267266,
            "RMSE": 0.08207555303487213,
            "R2": 0.005883501556059101,
            "Directional_Accuracy": 0.5383360522022839
        },
        "ranking": {
            "SpearmanRankCorr_mean": 0.016629006202026703,
            "TopKHitRate_mean": 0.24909844054580896,
            "Months_evaluated": 108
        }
    },
    "test_2025": {
        "regression": {
            "MAE": 0.05564934989427691,
            "RMSE": 0.07505794366977238,
            "R2": -0.0004004476429235737,
            "Directional_Accuracy": 0.5582034830430798
        },
        "ranking": {
            "SpearmanRankCorr_mean": -0.024225045881211497,
            "TopKHitRate_mean": 0.2227272727272727,
            "Months_evaluated": 11
        }
    }
}