{
    "train": {
        "regression": {
            "MAE": 0.059132303168665135,
            "RMSE": 0.0826856437375576,
            "R2": 0.004498862634166878,
            "Directional_Accuracy": 0.5298915651089147
        },
        "ranking": {
            "SpearmanRankCorr_mean": 0.02341403378571059,
            "TopKHitRate_mean": 0.23769493177387915,
            "Months_evaluated": 108
        }
    },
    "test_2025": {
        "regression": {
            "MAE": 0.05521962966061775,
            "RMSE": 0.07431434635983687,
            "R2": -0.008686076288087374,
            "Directional_Accuracy": 0.5297891842346472
        },
        "ranking": {
            "SpearmanRankCorr_mean": -0.04903204977269526,
            "TopKHitRate_mean": 0.21363636363636365,
            "Months_evaluated": 11
        }
    }
}