{
    "cumulative_return": 0.159957572008689,
    "annualized_return": 0.159957572008689,
    "annualized_volatility": 0.1614001746452071,
    "max_drawdown": -0.07257109320627009,
    "sharpe_ratio": 0.9976741189918654,
    "avg_turnover": 0.4593301435406698,
    "median_turnover": 0.47368421052631576,
    "max_turnover": 0.5789473684210527
}