{
    "cost_0bps": {
        "cumulative_return": 0.159957572008689,
        "annualized_return": 0.159957572008689,
        "annualized_volatility": 0.1614001746452071,
        "max_drawdown": -0.07257109320627009,
        "sharpe_ratio": 0.9976741189918654,
        "avg_turnover": 0.4593301435406698,
        "median_turnover": 0.47368421052631576,
        "max_turnover": 0.5789473684210527
    },
    "cost_10bps": {
        "cumulative_return": 0.1541926093282422,
        "annualized_return": 0.1541926093282422,
        "annualized_volatility": 0.16129058958277065,
        "max_drawdown": -0.07309740899574368,
        "sharpe_ratio": 0.9670257010580364,
        "avg_turnover": 0.4593301435406698,
        "median_turnover": 0.47368421052631576,
        "max_turnover": 0.5789473684210527
    },
    "cost_20bps": {
        "cumulative_return": 0.14845341698302916,
        "annualized_return": 0.14845341698302916,
        "annualized_volatility": 0.16118396725132447,
        "max_drawdown": -0.07362372478521739,
        "sharpe_ratio": 0.9363183972949105,
        "avg_turnover": 0.4593301435406698,
        "median_turnover": 0.47368421052631576,
        "max_turnover": 0.5789473684210527
    }
}