{
    "cumulative_return": 0.16071627825343837,
    "annualized_return": 0.16071627825343837,
    "annualized_volatility": 0.1618678594848148,
    "max_drawdown": -0.072571106050757,
    "sharpe_ratio": 0.9992713922681112,
    "avg_turnover": 0.4545454545454545,
    "median_turnover": 0.47368421052631576,
    "max_turnover": 0.5789473684210527
}