{
    "cumulative_return": 0.26583669612507577,
    "annualized_return": 0.26583669612507577,
    "annualized_volatility": 0.1205712963121232,
    "max_drawdown": -0.04346696499909164,
    "sharpe_ratio": 2.0282360159895805,
    "avg_turnover": 0.5406698564593301,
    "median_turnover": 0.5789473684210527,
    "max_turnover": 0.6842105263157895
}