{
    "cumulative_return": 0.3018999444749204,
    "annualized_return": 0.3018999444749204,
    "annualized_volatility": 0.12577309557625552,
    "max_drawdown": -0.04783084183803099,
    "sharpe_ratio": 2.17678311852239,
    "avg_turnover": 0.492822966507177,
    "median_turnover": 0.5263157894736842,
    "max_turnover": 0.6842105263157895
}