{
    "cost_0bps": {
        "cumulative_return": 62.91755099100008,
        "annualized_return": 0.5155211886429494,
        "annualized_volatility": 0.2002813034310868,
        "max_drawdown": -0.1917077531989323,
        "sharpe_ratio": 2.20328343974507,
        "avg_turnover": 0.6472477064220185,
        "median_turnover": 0.65,
        "max_turnover": 1.0
    },
    "cost_10bps": {
        "cumulative_return": 58.71237369651468,
        "annualized_return": 0.5052423668809871,
        "annualized_volatility": 0.20016295904747666,
        "max_drawdown": -0.19353790077852306,
        "sharpe_ratio": 2.1693398279412826,
        "avg_turnover": 0.6472477064220185,
        "median_turnover": 0.65,
        "max_turnover": 1.0
    },
    "cost_20bps": {
        "cumulative_return": 54.78135940853243,
        "annualized_return": 0.49502656404947176,
        "annualized_volatility": 0.20004779851267143,
        "max_drawdown": -0.19536531243249244,
        "sharpe_ratio": 2.1353220696063473,
        "avg_turnover": 0.6472477064220185,
        "median_turnover": 0.65,
        "max_turnover": 1.0
    }
}