{
    "cumulative_return": 62.91755099100008,
    "annualized_return": 0.5155211886429494,
    "annualized_volatility": 0.2002813034310868,
    "max_drawdown": -0.1917077531989323,
    "sharpe_ratio": 2.20328343974507,
    "avg_turnover": 0.6472477064220185,
    "median_turnover": 0.65,
    "max_turnover": 1.0
}