{
    "cost_0bps": {
        "cumulative_return": 0.3068144383753295,
        "annualized_return": 0.3068144383753295,
        "annualized_volatility": 0.13343210829833127,
        "max_drawdown": -0.045292796158787896,
        "sharpe_ratio": 2.087147675877855,
        "avg_turnover": 0.4880382775119617,
        "median_turnover": 0.5263157894736842,
        "max_turnover": 0.6842105263157895
    },
    "cost_10bps": {
        "cumulative_return": 0.2999781319322832,
        "annualized_return": 0.2999781319322832,
        "annualized_volatility": 0.13334128006480858,
        "max_drawdown": -0.04597700668510374,
        "sharpe_ratio": 2.0483086223333444,
        "avg_turnover": 0.4880382775119617,
        "median_turnover": 0.5263157894736842,
        "max_turnover": 0.6842105263157895
    },
    "cost_20bps": {
        "cumulative_return": 0.29317393487778487,
        "annualized_return": 0.29317393487778487,
        "annualized_volatility": 0.13325476678347273,
        "max_drawdown": -0.04666121721141947,
        "sharpe_ratio": 2.00935155327059,
        "avg_turnover": 0.4880382775119617,
        "median_turnover": 0.5263157894736842,
        "max_turnover": 0.6842105263157895
    }
}