{
    "cost_0bps": {
        "cumulative_return": 68.66708508378123,
        "annualized_return": 0.5286313566461918,
        "annualized_volatility": 0.20339354028692871,
        "max_drawdown": -0.20393558186163685,
        "sharpe_ratio": 2.2166163429357773,
        "avg_turnover": 0.6422018348623854,
        "median_turnover": 0.65,
        "max_turnover": 0.95
    },
    "cost_10bps": {
        "cumulative_return": 64.12208129260591,
        "annualized_return": 0.5183532633544967,
        "annualized_volatility": 0.2032703463808581,
        "max_drawdown": -0.20518716576050589,
        "sharpe_ratio": 2.1835228470362327,
        "avg_turnover": 0.6422018348623854,
        "median_turnover": 0.65,
        "max_turnover": 0.95
    },
    "cost_20bps": {
        "cumulative_return": 59.870918298328114,
        "annualized_return": 0.5081376614626507,
        "annualized_volatility": 0.20315015122965918,
        "max_drawdown": -0.20643777465937507,
        "sharpe_ratio": 2.1503574710792277,
        "avg_turnover": 0.6422018348623854,
        "median_turnover": 0.65,
        "max_turnover": 0.95
    }
}