{
    "cost_0bps": {
        "cumulative_return": 0.26583669612507577,
        "annualized_return": 0.26583669612507577,
        "annualized_volatility": 0.1205712963121232,
        "max_drawdown": -0.04346696499909164,
        "sharpe_ratio": 2.0282360159895805,
        "avg_turnover": 0.5406698564593301,
        "median_turnover": 0.5789473684210527,
        "max_turnover": 0.6842105263157895
    },
    "cost_10bps": {
        "cumulative_return": 0.25849875780543474,
        "annualized_return": 0.25849875780543474,
        "annualized_volatility": 0.12034646181328885,
        "max_drawdown": -0.04415117552540748,
        "sharpe_ratio": 1.9826064984271994,
        "avg_turnover": 0.5406698564593301,
        "median_turnover": 0.5789473684210527,
        "max_turnover": 0.6842105263157895
    },
    "cost_20bps": {
        "cumulative_return": 0.2511990594862621,
        "annualized_return": 0.2511990594862621,
        "annualized_volatility": 0.12012701555354295,
        "max_drawdown": -0.044835386051723214,
        "sharpe_ratio": 1.9367192946618823,
        "avg_turnover": 0.5406698564593301,
        "median_turnover": 0.5789473684210527,
        "max_turnover": 0.6842105263157895
    }
}