{
    "cost_0bps": {
        "cumulative_return": 0.3018999444749204,
        "annualized_return": 0.3018999444749204,
        "annualized_volatility": 0.12577309557625552,
        "max_drawdown": -0.04783084183803099,
        "sharpe_ratio": 2.17678311852239,
        "avg_turnover": 0.492822966507177,
        "median_turnover": 0.5263157894736842,
        "max_turnover": 0.6842105263157895
    },
    "cost_10bps": {
        "cumulative_return": 0.29502475020411834,
        "annualized_return": 0.29502475020411834,
        "annualized_volatility": 0.12565130313260325,
        "max_drawdown": -0.04896412751058088,
        "sharpe_ratio": 2.135749426330341,
        "avg_turnover": 0.492822966507177,
        "median_turnover": 0.5263157894736842,
        "max_turnover": 0.6842105263157895
    },
    "cost_20bps": {
        "cumulative_return": 0.2881821660935162,
        "annualized_return": 0.2881821660935162,
        "annualized_volatility": 0.1255340847252433,
        "max_drawdown": -0.05009676498368498,
        "sharpe_ratio": 2.0945597884991365,
        "avg_turnover": 0.492822966507177,
        "median_turnover": 0.5263157894736842,
        "max_turnover": 0.6842105263157895
    }
}