{
    "cumulative_return": 0.3068144383753295,
    "annualized_return": 0.3068144383753295,
    "annualized_volatility": 0.13343210829833127,
    "max_drawdown": -0.045292796158787896,
    "sharpe_ratio": 2.087147675877855,
    "avg_turnover": 0.4880382775119617,
    "median_turnover": 0.5263157894736842,
    "max_turnover": 0.6842105263157895
}