{
    "cumulative_return": 0.679562737272607,
    "annualized_return": 0.05322127461310777,
    "annualized_volatility": 0.13528359259229844,
    "max_drawdown": -0.2976830706111351,
    "sharpe_ratio": 0.455112785058856,
    "avg_turnover": 0.2033333333333333,
    "median_turnover": 0.2,
    "max_turnover": 0.55
}