{
    "cumulative_return": 0.2955689511146875,
    "annualized_return": 0.2955689511146875,
    "annualized_volatility": 0.1277135566202153,
    "max_drawdown": -0.07575019284533024,
    "sharpe_ratio": 2.10910537680073,
    "avg_turnover": 0.15,
    "median_turnover": 0.15,
    "max_turnover": 0.3
}