{
    "cost_0bps": {
        "cumulative_return": 0.2955689511146875,
        "annualized_return": 0.2955689511146875,
        "annualized_volatility": 0.1277135566202153,
        "max_drawdown": -0.07575019284533024,
        "sharpe_ratio": 2.10910537680073,
        "avg_turnover": 0.15,
        "median_turnover": 0.15,
        "max_turnover": 0.3
    },
    "cost_10bps": {
        "cumulative_return": 0.29326544229515994,
        "annualized_return": 0.29326544229515994,
        "annualized_volatility": 0.12785067475676282,
        "max_drawdown": -0.07605019284533021,
        "sharpe_ratio": 2.0927644650063733,
        "avg_turnover": 0.15,
        "median_turnover": 0.15,
        "max_turnover": 0.3
    },
    "cost_20bps": {
        "cumulative_return": 0.29096556378067606,
        "annualized_return": 0.29096556378067606,
        "annualized_volatility": 0.1279884131106036,
        "max_drawdown": -0.07635019284533018,
        "sharpe_ratio": 2.0764485041968435,
        "avg_turnover": 0.15,
        "median_turnover": 0.15,
        "max_turnover": 0.3
    }
}