{
    "cost_0bps": {
        "cumulative_return": 0.679562737272607,
        "annualized_return": 0.05322127461310777,
        "annualized_volatility": 0.13528359259229844,
        "max_drawdown": -0.2976830706111351,
        "sharpe_ratio": 0.455112785058856,
        "avg_turnover": 0.2033333333333333,
        "median_turnover": 0.2,
        "max_turnover": 0.55
    },
    "cost_10bps": {
        "cumulative_return": 0.639282642609966,
        "annualized_return": 0.05066770680881394,
        "annualized_volatility": 0.13524823366436775,
        "max_drawdown": -0.297981864555097,
        "sharpe_ratio": 0.43719086745475677,
        "avg_turnover": 0.2033333333333333,
        "median_turnover": 0.2,
        "max_turnover": 0.55
    },
    "cost_20bps": {
        "cumulative_return": 0.5999583686270225,
        "annualized_return": 0.048119662263642615,
        "annualized_volatility": 0.13521398317513134,
        "max_drawdown": -0.29828059849905875,
        "sharpe_ratio": 0.41925613953716373,
        "avg_turnover": 0.2033333333333333,
        "median_turnover": 0.2,
        "max_turnover": 0.55
    }
}