{
    "cost_0bps": {
        "cumulative_return": 0.3834419306252168,
        "annualized_return": 0.3834419306252168,
        "annualized_volatility": 0.14571577554827034,
        "max_drawdown": -0.04583060426905761,
        "sharpe_ratio": 2.3221320779995276,
        "avg_turnover": 0.3014354066985646,
        "median_turnover": 0.3157894736842105,
        "max_turnover": 0.47368421052631576
    },
    "cost_10bps": {
        "cumulative_return": 0.3789698257770102,
        "annualized_return": 0.3789698257770102,
        "annualized_volatility": 0.14577607580409813,
        "max_drawdown": -0.046251656900636595,
        "sharpe_ratio": 2.298425755730998,
        "avg_turnover": 0.3014354066985646,
        "median_turnover": 0.3157894736842105,
        "max_turnover": 0.47368421052631576
    },
    "cost_20bps": {
        "cumulative_return": 0.3745105994566382,
        "annualized_return": 0.3745105994566382,
        "annualized_volatility": 0.14583838697385992,
        "max_drawdown": -0.04667270953221547,
        "sharpe_ratio": 2.2747076720158073,
        "avg_turnover": 0.3014354066985646,
        "median_turnover": 0.3157894736842105,
        "max_turnover": 0.47368421052631576
    }
}