{
    "cost_0bps": {
        "cumulative_return": 6.263765516497177,
        "annualized_return": 0.2193157442786673,
        "annualized_volatility": 0.20071298860677064,
        "max_drawdown": -0.264650551439635,
        "sharpe_ratio": 1.0900853692382915,
        "avg_turnover": 0.38577981651376136,
        "median_turnover": 0.35,
        "max_turnover": 0.75
    },
    "cost_10bps": {
        "cumulative_return": 5.968472065636591,
        "annualized_return": 0.21426578079545244,
        "annualized_volatility": 0.2007447489653827,
        "max_drawdown": -0.2662217327119307,
        "sharpe_ratio": 1.068965905221946,
        "avg_turnover": 0.38577981651376136,
        "median_turnover": 0.35,
        "max_turnover": 0.75
    },
    "cost_20bps": {
        "cumulative_return": 5.685061379820924,
        "annualized_return": 0.20923452956218136,
        "annualized_volatility": 0.20077837642383603,
        "max_drawdown": -0.2677907516160044,
        "sharpe_ratio": 1.0478433785728936,
        "avg_turnover": 0.38577981651376136,
        "median_turnover": 0.35,
        "max_turnover": 0.75
    }
}