{
    "cumulative_return": 6.103098430049339,
    "annualized_return": 0.2165915152673723,
    "annualized_volatility": 0.20098652623858473,
    "max_drawdown": -0.26449328456277443,
    "sharpe_ratio": 1.0775556794109724,
    "avg_turnover": 0.3880733944954127,
    "median_turnover": 0.35,
    "max_turnover": 0.75
}