{
    "cumulative_return": 6.263765516497177,
    "annualized_return": 0.2193157442786673,
    "annualized_volatility": 0.20071298860677064,
    "max_drawdown": -0.264650551439635,
    "sharpe_ratio": 1.0900853692382915,
    "avg_turnover": 0.38577981651376136,
    "median_turnover": 0.35,
    "max_turnover": 0.75
}