{
    "cost_0bps": {
        "cumulative_return": 0.379055973328825,
        "annualized_return": 0.379055973328825,
        "annualized_volatility": 0.14438266038344144,
        "max_drawdown": -0.0447598827349428,
        "sharpe_ratio": 2.319747654326367,
        "avg_turnover": 0.3062200956937799,
        "median_turnover": 0.3157894736842105,
        "max_turnover": 0.47368421052631576
    },
    "cost_10bps": {
        "cumulative_return": 0.37452118916506083,
        "annualized_return": 0.37452118916506083,
        "annualized_volatility": 0.1444724595429169,
        "max_drawdown": -0.045233566945469095,
        "sharpe_ratio": 2.294990462170151,
        "avg_turnover": 0.3062200956937799,
        "median_turnover": 0.3157894736842105,
        "max_turnover": 0.47368421052631576
    },
    "cost_20bps": {
        "cumulative_return": 0.36999967260855127,
        "annualized_return": 0.36999967260855127,
        "annualized_volatility": 0.14456439084231518,
        "max_drawdown": -0.04570725115599539,
        "sharpe_ratio": 2.270230543859218,
        "avg_turnover": 0.3062200956937799,
        "median_turnover": 0.3157894736842105,
        "max_turnover": 0.47368421052631576
    }
}