{
    "cumulative_return": 0.379055973328825,
    "annualized_return": 0.379055973328825,
    "annualized_volatility": 0.14438266038344144,
    "max_drawdown": -0.0447598827349428,
    "sharpe_ratio": 2.319747654326367,
    "avg_turnover": 0.3062200956937799,
    "median_turnover": 0.3157894736842105,
    "max_turnover": 0.47368421052631576
}