{
    "cumulative_return": 0.3834419306252168,
    "annualized_return": 0.3834419306252168,
    "annualized_volatility": 0.14571577554827034,
    "max_drawdown": -0.04583060426905761,
    "sharpe_ratio": 2.3221320779995276,
    "avg_turnover": 0.3014354066985646,
    "median_turnover": 0.3157894736842105,
    "max_turnover": 0.47368421052631576
}