{
    "cumulative_return": 0.14103103701232023,
    "annualized_return": 0.14103103701232023,
    "annualized_volatility": 0.14019105226364292,
    "max_drawdown": -0.07965919957694867,
    "sharpe_ratio": 1.009288311222771,
    "avg_turnover": 0.5502392344497608,
    "median_turnover": 0.5789473684210527,
    "max_turnover": 0.7368421052631579
}