{
    "cumulative_return": 4.854335996568801,
    "annualized_return": 0.19329484480640335,
    "annualized_volatility": 0.18424361017463106,
    "max_drawdown": -0.20588476195384608,
    "sharpe_ratio": 1.0513605058573667,
    "avg_turnover": 0.6128440366972476,
    "median_turnover": 0.6,
    "max_turnover": 0.9
}