{
    "cost_0bps": {
        "cumulative_return": 0.151739228015358,
        "annualized_return": 0.151739228015358,
        "annualized_volatility": 0.1572178853702845,
        "max_drawdown": -0.09119849225715826,
        "sharpe_ratio": 0.9760270921780494,
        "avg_turnover": 0.5119617224880383,
        "median_turnover": 0.5263157894736842,
        "max_turnover": 0.7368421052631579
    },
    "cost_10bps": {
        "cumulative_return": 0.1453370969584955,
        "annualized_return": 0.1453370969584955,
        "annualized_volatility": 0.15720019856237843,
        "max_drawdown": -0.0919353343624214,
        "sharpe_ratio": 0.9403126580041624,
        "avg_turnover": 0.5119617224880383,
        "median_turnover": 0.5263157894736842,
        "max_turnover": 0.7368421052631579
    },
    "cost_20bps": {
        "cumulative_return": 0.13896688402669688,
        "annualized_return": 0.13896688402669688,
        "annualized_volatility": 0.15718675693535353,
        "max_drawdown": -0.09267217646768466,
        "sharpe_ratio": 0.9045657558803177,
        "avg_turnover": 0.5119617224880383,
        "median_turnover": 0.5263157894736842,
        "max_turnover": 0.7368421052631579
    }
}