{
    "cumulative_return": 4.566087675296101,
    "annualized_return": 0.18728506362524544,
    "annualized_volatility": 0.18764051294228964,
    "max_drawdown": -0.22220439843575546,
    "sharpe_ratio": 1.008588350863369,
    "avg_turnover": 0.6155963302752293,
    "median_turnover": 0.6,
    "max_turnover": 0.9
}