{
    "cost_0bps": {
        "cumulative_return": 4.566087675296101,
        "annualized_return": 0.18728506362524544,
        "annualized_volatility": 0.18764051294228964,
        "max_drawdown": -0.22220439843575546,
        "sharpe_ratio": 1.008588350863369,
        "avg_turnover": 0.6155963302752293,
        "median_turnover": 0.6,
        "max_turnover": 0.9
    },
    "cost_10bps": {
        "cumulative_return": 4.2096855434388925,
        "annualized_return": 0.17945438949211145,
        "annualized_volatility": 0.18758364022918558,
        "max_drawdown": -0.22402753981941925,
        "sharpe_ratio": 0.9731234305965848,
        "avg_turnover": 0.6155963302752293,
        "median_turnover": 0.6,
        "max_turnover": 0.9
    },
    "cost_20bps": {
        "cumulative_return": 3.8758985434182227,
        "annualized_return": 0.17167042047229142,
        "annualized_volatility": 0.1875298179955605,
        "max_drawdown": -0.22584785129872775,
        "sharpe_ratio": 0.9376217466802169,
        "avg_turnover": 0.6155963302752293,
        "median_turnover": 0.6,
        "max_turnover": 0.9
    }
}