{
    "cumulative_return": 0.151739228015358,
    "annualized_return": 0.151739228015358,
    "annualized_volatility": 0.1572178853702845,
    "max_drawdown": -0.09119849225715826,
    "sharpe_ratio": 0.9760270921780494,
    "avg_turnover": 0.5119617224880383,
    "median_turnover": 0.5263157894736842,
    "max_turnover": 0.7368421052631579
}