{
    "train": {
        "regression": {
            "MAE": 0.05764687678874869,
            "RMSE": 0.07767915610754136,
            "R2": 0.09323663286483008,
            "Directional_Accuracy": 0.5476190476190477
        },
        "ranking": {
            "SpearmanRankCorr_mean": 0.08286437948612523,
            "TopKHitRate_mean": 0.27059123343527014,
            "Months_evaluated": 109
        }
    },
    "test_2025": {
        "regression": {
            "MAE": 0.054950755794404574,
            "RMSE": 0.07436785259581387,
            "R2": -0.009555285933614321,
            "Directional_Accuracy": 0.572265625
        },
        "ranking": {
            "SpearmanRankCorr_mean": -0.04201597012415892,
            "TopKHitRate_mean": 0.24880382775119617,
            "Months_evaluated": 11
        }
    }
}