{
    "cost_0bps": {
        "cumulative_return": 2.0595852952904217,
        "annualized_return": 0.11832042390573694,
        "annualized_volatility": 0.21122198521309615,
        "max_drawdown": -0.36061654819464417,
        "sharpe_ratio": 0.6376352597022429,
        "avg_turnover": 0.3963302752293578,
        "median_turnover": 0.4,
        "max_turnover": 0.7
    },
    "cost_10bps": {
        "cumulative_return": 1.9309539432226552,
        "annualized_return": 0.11352737804779478,
        "annualized_volatility": 0.21122764945618602,
        "max_drawdown": -0.36141416328768794,
        "sharpe_ratio": 0.6171662930104062,
        "avg_turnover": 0.3963302752293578,
        "median_turnover": 0.4,
        "max_turnover": 0.7
    },
    "cost_20bps": {
        "cumulative_return": 1.8076790891715437,
        "annualized_return": 0.10875284380691896,
        "annualized_volatility": 0.21123461585896225,
        "max_drawdown": -0.36221138838073164,
        "sharpe_ratio": 0.5966947457150316,
        "avg_turnover": 0.3963302752293578,
        "median_turnover": 0.4,
        "max_turnover": 0.7
    }
}