{
    "cost_0bps": {
        "cumulative_return": 2.0592516583354543,
        "annualized_return": 0.11830822841859878,
        "annualized_volatility": 0.2112082147997901,
        "max_drawdown": -0.3606165557807345,
        "sharpe_ratio": 0.6376105387085498,
        "avg_turnover": 0.3963302752293578,
        "median_turnover": 0.4,
        "max_turnover": 0.7
    },
    "cost_10bps": {
        "cumulative_return": 1.9306271193007478,
        "annualized_return": 0.11351496073744127,
        "annualized_volatility": 0.2112150790627333,
        "max_drawdown": -0.3614141708755214,
        "sharpe_ratio": 0.6171367318876424,
        "avg_turnover": 0.3963302752293578,
        "median_turnover": 0.4,
        "max_turnover": 0.7
    },
    "cost_20bps": {
        "cumulative_return": 1.8073590317063948,
        "annualized_return": 0.10874020408499052,
        "annualized_volatility": 0.2112232550325046,
        "max_drawdown": -0.36221139597030827,
        "sharpe_ratio": 0.5966605504624526,
        "avg_turnover": 0.3963302752293578,
        "median_turnover": 0.4,
        "max_turnover": 0.7
    }
}