{
    "cost_0bps": {
        "cumulative_return": 0.2176068401815121,
        "annualized_return": 0.2176068401815121,
        "annualized_volatility": 0.15597578862677183,
        "max_drawdown": -0.06111025423049177,
        "sharpe_ratio": 1.3418895383453324,
        "avg_turnover": 0.4258373205741627,
        "median_turnover": 0.47368421052631576,
        "max_turnover": 0.5789473684210527
    },
    "cost_10bps": {
        "cumulative_return": 0.2120077699406624,
        "annualized_return": 0.2120077699406624,
        "annualized_volatility": 0.15593872314641155,
        "max_drawdown": -0.062340154773570355,
        "sharpe_ratio": 1.3121697057567634,
        "avg_turnover": 0.4258373205741627,
        "median_turnover": 0.47368421052631576,
        "max_turnover": 0.5789473684210527
    },
    "cost_20bps": {
        "cumulative_return": 0.2064318165975123,
        "annualized_return": 0.2064318165975123,
        "annualized_volatility": 0.15590449657681527,
        "max_drawdown": -0.06380601865784719,
        "sharpe_ratio": 1.2824123891916583,
        "avg_turnover": 0.4258373205741627,
        "median_turnover": 0.47368421052631576,
        "max_turnover": 0.5789473684210527
    }
}