{
    "cost_0bps": {
        "cumulative_return": 0.21760687826429637,
        "annualized_return": 0.21760687826429637,
        "annualized_volatility": 0.15597579336147438,
        "max_drawdown": -0.06111024833569012,
        "sharpe_ratio": 1.3418897062549642,
        "avg_turnover": 0.4258373205741627,
        "median_turnover": 0.47368421052631576,
        "max_turnover": 0.5789473684210527
    },
    "cost_10bps": {
        "cumulative_return": 0.21200780786107942,
        "annualized_return": 0.21200780786107942,
        "annualized_volatility": 0.15593872788811386,
        "max_drawdown": -0.062340141248501735,
        "sharpe_ratio": 1.3121698745497767,
        "avg_turnover": 0.4258373205741627,
        "median_turnover": 0.47368421052631576,
        "max_turnover": 0.5789473684210527
    },
    "cost_20bps": {
        "cumulative_return": 0.20643185435617561,
        "annualized_return": 0.20643185435617561,
        "annualized_volatility": 0.1559045013254341,
        "max_drawdown": -0.06380600514993484,
        "sharpe_ratio": 1.2824125588698787,
        "avg_turnover": 0.4258373205741627,
        "median_turnover": 0.47368421052631576,
        "max_turnover": 0.5789473684210527
    }
}