{
    "cumulative_return": 0.2176068401815121,
    "annualized_return": 0.2176068401815121,
    "annualized_volatility": 0.15597578862677183,
    "max_drawdown": -0.06111025423049177,
    "sharpe_ratio": 1.3418895383453324,
    "avg_turnover": 0.4258373205741627,
    "median_turnover": 0.47368421052631576,
    "max_turnover": 0.5789473684210527
}