{
    "cost_0bps": {
        "cumulative_return": 2.0595841656178413,
        "annualized_return": 0.11832038261464661,
        "annualized_volatility": 0.2112219961977204,
        "max_drawdown": -0.3606165665713944,
        "sharpe_ratio": 0.6376350610344289,
        "avg_turnover": 0.3963302752293578,
        "median_turnover": 0.4,
        "max_turnover": 0.7
    },
    "cost_10bps": {
        "cumulative_return": 1.9309528606031443,
        "annualized_return": 0.1135273369169314,
        "annualized_volatility": 0.21122766044152408,
        "max_drawdown": -0.36141418165469985,
        "sharpe_ratio": 0.6171660954102965,
        "avg_turnover": 0.3963302752293578,
        "median_turnover": 0.4,
        "max_turnover": 0.7
    },
    "cost_20bps": {
        "cumulative_return": 1.8076780516640079,
        "annualized_return": 0.10875280283572586,
        "annualized_volatility": 0.2112346268449463,
        "max_drawdown": -0.36221140673800545,
        "sharpe_ratio": 0.5966945491842447,
        "avg_turnover": 0.3963302752293578,
        "median_turnover": 0.4,
        "max_turnover": 0.7
    }
}