{
    "cumulative_return": 0.21760682486068617,
    "annualized_return": 0.21760682486068617,
    "annualized_volatility": 0.15597579484599755,
    "max_drawdown": -0.061110260850840925,
    "sharpe_ratio": 1.3418894088160775,
    "avg_turnover": 0.4258373205741627,
    "median_turnover": 0.47368421052631576,
    "max_turnover": 0.5789473684210527
}