{
    "train": {
        "regression": {
            "MAE": 0.059064790306176,
            "RMSE": 0.08098260869116215,
            "R2": 0.017513921279944,
            "Directional_Accuracy": 0.5314839700518333
        },
        "ranking": {
            "SpearmanRankCorr_mean": 0.01973409386809161,
            "TopKHitRate_mean": 0.2768469338483824,
            "Months_evaluated": 109
        }
    },
    "test_2025": {
        "regression": {
            "MAE": 0.054532378695807175,
            "RMSE": 0.07336791355552974,
            "R2": 0.01755331803635063,
            "Directional_Accuracy": 0.5546875
        },
        "ranking": {
            "SpearmanRankCorr_mean": 0.04253289915327047,
            "TopKHitRate_mean": 0.30143540669856456,
            "Months_evaluated": 11
        }
    }
}