{
    "train": {
        "regression": {
            "MAE": 0.05906764380895671,
            "RMSE": 0.08098339517584464,
            "R2": 0.01745721578666304,
            "Directional_Accuracy": 0.5305240929161067
        },
        "ranking": {
            "SpearmanRankCorr_mean": 0.019285391131561008,
            "TopKHitRate_mean": 0.2773297923708353,
            "Months_evaluated": 109
        }
    },
    "test_2025": {
        "regression": {
            "MAE": 0.05452207071223566,
            "RMSE": 0.07335996341322909,
            "R2": 0.017623764091310834,
            "Directional_Accuracy": 0.5546875
        },
        "ranking": {
            "SpearmanRankCorr_mean": 0.04286254123558136,
            "TopKHitRate_mean": 0.30143540669856456,
            "Months_evaluated": 11
        }
    }
}