{
    "cumulative_return": 141.94810374271628,
    "annualized_return": 0.6425471305277226,
    "annualized_volatility": 0.2016947627715912,
    "max_drawdown": -0.17791473302490013,
    "sharpe_ratio": 2.60349166670841,
    "avg_turnover": 0.6711009174311926,
    "median_turnover": 0.7,
    "max_turnover": 1.0
}