{
    "cumulative_return": 0.28106691307657483,
    "annualized_return": 0.28106691307657483,
    "annualized_volatility": 0.12059936690042479,
    "max_drawdown": -0.03427855179614436,
    "sharpe_ratio": 2.1287803639817127,
    "avg_turnover": 0.5837320574162679,
    "median_turnover": 0.631578947368421,
    "max_turnover": 0.8421052631578947
}