{
    "cost_0bps": {
        "cumulative_return": 5.297140148439964,
        "annualized_return": 0.20202731269654794,
        "annualized_volatility": 0.20327771218329302,
        "max_drawdown": -0.260749953029898,
        "sharpe_ratio": 1.0074734378857044,
        "avg_turnover": 0.3811926605504588,
        "median_turnover": 0.35,
        "max_turnover": 0.8
    },
    "cost_10bps": {
        "cumulative_return": 5.044068899755895,
        "annualized_return": 0.19710691821514081,
        "annualized_volatility": 0.2032811680463447,
        "max_drawdown": -0.26233386509835066,
        "sharpe_ratio": 0.9870166403859892,
        "avg_turnover": 0.3811926605504588,
        "median_turnover": 0.35,
        "max_turnover": 0.8
    },
    "cost_20bps": {
        "cumulative_return": 4.8010660005221055,
        "annualized_return": 0.19220456563652766,
        "annualized_volatility": 0.20328635051745056,
        "max_drawdown": -0.26391563136122076,
        "sharpe_ratio": 0.9665523289620765,
        "avg_turnover": 0.3811926605504588,
        "median_turnover": 0.35,
        "max_turnover": 0.8
    }
}