{
    "cost_0bps": {
        "cumulative_return": 0.35741108046839765,
        "annualized_return": 0.35741108046839765,
        "annualized_volatility": 0.14275822292500917,
        "max_drawdown": -0.037387228195302935,
        "sharpe_ratio": 2.230755896353936,
        "avg_turnover": 0.33492822966507174,
        "median_turnover": 0.3684210526315789,
        "max_turnover": 0.5789473684210527
    },
    "cost_10bps": {
        "cumulative_return": 0.35251460475409346,
        "annualized_return": 0.35251460475409346,
        "annualized_volatility": 0.1429113164289584,
        "max_drawdown": -0.038370677315478274,
        "sharpe_ratio": 2.2025865052690454,
        "avg_turnover": 0.33492822966507174,
        "median_turnover": 0.3684210526315789,
        "max_turnover": 0.5789473684210527
    },
    "cost_20bps": {
        "cumulative_return": 0.34763382449600866,
        "annualized_return": 0.34763382449600866,
        "annualized_volatility": 0.1430669849961947,
        "max_drawdown": -0.03935363890102761,
        "sharpe_ratio": 2.174438263996524,
        "avg_turnover": 0.33492822966507174,
        "median_turnover": 0.3684210526315789,
        "max_turnover": 0.5789473684210527
    }
}