{
    "cost_0bps": {
        "cumulative_return": 0.36969877120798866,
        "annualized_return": 0.36969877120798866,
        "annualized_volatility": 0.14077194415841757,
        "max_drawdown": -0.03614346560666071,
        "sharpe_ratio": 2.3261172252675233,
        "avg_turnover": 0.33492822966507174,
        "median_turnover": 0.3684210526315789,
        "max_turnover": 0.5789473684210527
    },
    "cost_10bps": {
        "cumulative_return": 0.364763147691862,
        "annualized_return": 0.364763147691862,
        "annualized_volatility": 0.14091941159520663,
        "max_drawdown": -0.03712759650091679,
        "sharpe_ratio": 2.297538926326245,
        "avg_turnover": 0.33492822966507174,
        "median_turnover": 0.3684210526315789,
        "max_turnover": 0.5789473684210527
    },
    "cost_20bps": {
        "cumulative_return": 0.35984333586636263,
        "annualized_return": 0.35984333586636263,
        "annualized_volatility": 0.14106945970193122,
        "max_drawdown": -0.038111239860546764,
        "sharpe_ratio": 2.2689788687429107,
        "avg_turnover": 0.33492822966507174,
        "median_turnover": 0.3684210526315789,
        "max_turnover": 0.5789473684210527
    }
}