{
    "cumulative_return": 0.35741108046839765,
    "annualized_return": 0.35741108046839765,
    "annualized_volatility": 0.14275822292500917,
    "max_drawdown": -0.037387228195302935,
    "sharpe_ratio": 2.230755896353936,
    "avg_turnover": 0.33492822966507174,
    "median_turnover": 0.3684210526315789,
    "max_turnover": 0.5789473684210527
}