{
    "cumulative_return": 5.297140148439964,
    "annualized_return": 0.20202731269654794,
    "annualized_volatility": 0.20327771218329302,
    "max_drawdown": -0.260749953029898,
    "sharpe_ratio": 1.0074734378857044,
    "avg_turnover": 0.3811926605504588,
    "median_turnover": 0.35,
    "max_turnover": 0.8
}