{
    "cost_0bps": {
        "cumulative_return": 5.4365424034556264,
        "annualized_return": 0.20466214520511472,
        "annualized_volatility": 0.2035784343957871,
        "max_drawdown": -0.2612388603797646,
        "sharpe_ratio": 1.0171662836325308,
        "avg_turnover": 0.38073394495412843,
        "median_turnover": 0.4,
        "max_turnover": 0.75
    },
    "cost_10bps": {
        "cumulative_return": 5.178329567875896,
        "annualized_return": 0.19973991265364854,
        "annualized_volatility": 0.20357367540497162,
        "max_drawdown": -0.26273693864386904,
        "sharpe_ratio": 0.9968043222603036,
        "avg_turnover": 0.38073394495412843,
        "median_turnover": 0.4,
        "max_turnover": 0.75
    },
    "cost_20bps": {
        "cumulative_return": 4.930371610621202,
        "annualized_return": 0.19483570159436248,
        "annualized_volatility": 0.20357063417031052,
        "max_drawdown": -0.2642330835049589,
        "sharpe_ratio": 0.9764331695100723,
        "avg_turnover": 0.38073394495412843,
        "median_turnover": 0.4,
        "max_turnover": 0.75
    }
}