{
    "train_static_fit": {
        "regression": {
            "MAE": 0.05828001327382073,
            "RMSE": 0.07924137267259757,
            "R2": 0.05930927852082546,
            "Directional_Accuracy": 0.5454981762334421
        },
        "ranking": {
            "SpearmanRankCorr_mean": 0.07564463500430715,
            "TopKHitRate_mean": 0.3022935779816514,
            "Months_evaluated": 109
        }
    },
    "test_2025_rolling_fit": {
        "regression": {
            "MAE": 0.05476439620827641,
            "RMSE": 0.07387059977493933,
            "R2": 0.004044571405405373,
            "Directional_Accuracy": 0.5634765625
        },
        "ranking": {
            "SpearmanRankCorr_mean": 0.050444243834372966,
            "TopKHitRate_mean": 0.3684210526315789,
            "Months_evaluated": 11
        }
    }
}