{
    "train_static_fit": {
        "regression": {
            "MAE": 0.05828211844678047,
            "RMSE": 0.079245515983563,
            "R2": 0.05917487909815189,
            "Directional_Accuracy": 0.5459781148013054
        },
        "ranking": {
            "SpearmanRankCorr_mean": 0.075922240514635,
            "TopKHitRate_mean": 0.30137614678899083,
            "Months_evaluated": 109
        }
    },
    "test_2025_rolling_fit": {
        "regression": {
            "MAE": 0.054755826178678774,
            "RMSE": 0.0738594383215406,
            "R2": 0.00420111117296762,
            "Directional_Accuracy": 0.5634765625
        },
        "ranking": {
            "SpearmanRankCorr_mean": 0.05145148589367501,
            "TopKHitRate_mean": 0.36363636363636365,
            "Months_evaluated": 11
        }
    }
}