model,split,MAE,RMSE,R2,Directional_Accuracy,SpearmanRankCorr_mean,TopKHitRate_mean,Months_evaluated
Ridge daily,train_2015_2024,0.05906764380895671,0.08098339517584464,0.01745721578666304,0.5305240929161067,0.019285391131561008,0.2773297923708353,109
Ridge daily,test_2025,0.05452207071223566,0.07335996341322909,0.017623764091310834,0.5546875,0.04286254123558136,0.30143540669856456,11
Ridge daily_ohlcv,train_2015_2024,0.05891569771819318,0.08061363559019541,0.023433135167599595,0.5361480624638519,0.02754464234496089,0.2805649444712699,109
Ridge daily_ohlcv,test_2025,0.054715739375838686,0.07386657187715727,0.004008773882445915,0.5615234375,0.04869245601212637,0.2727272727272727,11
