model,cost_scenario,cumulative_return,sharpe_ratio
Ridge daily,cost_0bps,0.2176068401815121,1.3418895383453324
Ridge daily,cost_10bps,0.2120077699406624,1.3121697057567634
Ridge daily,cost_20bps,0.2064318165975123,1.2824123891916583
Ridge daily_ohlcv,cost_0bps,0.16071627825343837,0.9992713922681112
Ridge daily_ohlcv,cost_10bps,0.15500268473813694,0.9688339040883688
Ridge daily_ohlcv,cost_20bps,0.14931437697471517,0.9383507517630189
