model,split,MAE,RMSE,R2,Directional_Accuracy,SpearmanRankCorr_mean,TopKHitRate_mean,Months_evaluated
Ridge daily,train_2015_2024,0.059064790306176,0.08098260869116215,0.017513921279944,0.5314839700518333,0.01973409386809161,0.2768469338483824,109
Ridge daily,test_2025,0.054532378695807175,0.07336791355552974,0.01755331803635063,0.5546875,0.04253289915327047,0.30143540669856456,11
Ridge daily_ohlcv,train_2015_2024,0.058915391710427964,0.08061342120306664,0.023476301014113465,0.5354732986311934,0.02779274837004309,0.28153066151617573,109
Ridge daily_ohlcv,test_2025,0.05472520274892144,0.07387365444351907,0.0039621630420833,0.560546875,0.048323335250801326,0.2727272727272727,11
