model,split,cumulative_return,annualized_return,annualized_volatility,max_drawdown,sharpe_ratio,avg_turnover,median_turnover,max_turnover
Ridge daily,train_2015_2024,2.058408058241917,0.11827738682338951,0.2112039892643525,-0.3606165557807345,0.6374872278903592,0.39678899082568814,0.4,0.7
Ridge daily,test_2025,0.21760682486068617,0.21760682486068617,0.15597579484599755,-0.061110260850840925,1.3418894088160775,0.4258373205741627,0.47368421052631576,0.5789473684210527
Ridge daily_ohlcv,train_2015_2024,2.500961372556908,0.13349271150477038,0.21450296121260176,-0.38408143043903964,0.6943963341273213,0.42385321100917434,0.4,0.7
Ridge daily_ohlcv,test_2025,0.159957572008689,0.159957572008689,0.1614001746452071,-0.07257109320627009,0.9976741189918654,0.4593301435406698,0.47368421052631576,0.5789473684210527
