model,cost_scenario,cumulative_return,sharpe_ratio
Ridge daily,cost_0bps,0.21760682486068617,1.3418894088160775
Ridge daily,cost_10bps,0.21200775468105792,1.3121695772391089
Ridge daily,cost_20bps,0.20643180139891215,1.2824122616972566
Ridge daily_ohlcv,cost_0bps,0.159957572008689,0.9976741189918654
Ridge daily_ohlcv,cost_10bps,0.1541926093282422,0.9670257010580364
Ridge daily_ohlcv,cost_20bps,0.14845341698302916,0.9363183972949105
