{
    "cumulative_return": 0.16931617743294414,
    "annualized_return": 0.16931617743294414,
    "annualized_volatility": 0.0885444197839018,
    "max_drawdown": -0.03911230487400186,
    "sharpe_ratio": 1.8182673035477945,
    "avg_turnover": 0.6727272727272727,
    "median_turnover": 0.7,
    "max_turnover": 0.9
}