{
    "cost_0bps": {
        "cumulative_return": 0.16931614437065812,
        "annualized_return": 0.16931614437065812,
        "annualized_volatility": 0.0885444306336424,
        "max_drawdown": -0.03911231841693841,
        "sharpe_ratio": 1.818266767213506,
        "avg_turnover": 0.6727272727272727,
        "median_turnover": 0.7,
        "max_turnover": 0.9
    },
    "cost_10bps": {
        "cumulative_return": 0.16083044962630288,
        "annualized_return": 0.16083044962630288,
        "annualized_volatility": 0.08822119853240035,
        "max_drawdown": -0.03976231841693845,
        "sharpe_ratio": 1.7410486164114276,
        "avg_turnover": 0.6727272727272727,
        "median_turnover": 0.7,
        "max_turnover": 0.9
    },
    "cost_20bps": {
        "cumulative_return": 0.15240011910481743,
        "annualized_return": 0.15240011910481743,
        "annualized_volatility": 0.08790927088986035,
        "max_drawdown": -0.040412318416938375,
        "sharpe_ratio": 1.6630486655515675,
        "avg_turnover": 0.6727272727272727,
        "median_turnover": 0.7,
        "max_turnover": 0.9
    }
}