{
    "cost_0bps": {
        "cumulative_return": 1.2440492068329894,
        "annualized_return": 0.084184608497891,
        "annualized_volatility": 0.13959818912891098,
        "max_drawdown": -0.23523746599818607,
        "sharpe_ratio": 0.6503286662140223,
        "avg_turnover": 0.7263392857142856,
        "median_turnover": 0.75,
        "max_turnover": 1.0
    },
    "cost_10bps": {
        "cumulative_return": 1.0697923686348134,
        "annualized_return": 0.07545607747503058,
        "annualized_volatility": 0.1395411168981371,
        "max_drawdown": -0.23709352937704553,
        "sharpe_ratio": 0.5922964211504093,
        "avg_turnover": 0.7263392857142856,
        "median_turnover": 0.75,
        "max_turnover": 1.0
    },
    "cost_20bps": {
        "cumulative_return": 0.908951400138859,
        "annualized_return": 0.06679135392826474,
        "annualized_volatility": 0.13948842690382257,
        "max_drawdown": -0.23894663731940524,
        "sharpe_ratio": 0.534199903146628,
        "avg_turnover": 0.7263392857142856,
        "median_turnover": 0.75,
        "max_turnover": 1.0
    }
}