{
    "cumulative_return": 0.13233509242311903,
    "annualized_return": 0.13233509242311903,
    "annualized_volatility": 0.08652118161481061,
    "max_drawdown": -0.03924515564137421,
    "sharpe_ratio": 1.4831093164592595,
    "avg_turnover": 0.7,
    "median_turnover": 0.8,
    "max_turnover": 0.9
}