{
    "cumulative_return": 1.0258185903154389,
    "annualized_return": 0.07314907414564331,
    "annualized_volatility": 0.1428043946048094,
    "max_drawdown": -0.22910956091996193,
    "sharpe_ratio": 0.5664812862859965,
    "avg_turnover": 0.734375,
    "median_turnover": 0.75,
    "max_turnover": 0.95
}