{
    "cost_0bps": {
        "cumulative_return": 0.12029818643739953,
        "annualized_return": 0.12029818643739953,
        "annualized_volatility": 0.09567363080270466,
        "max_drawdown": -0.05515701890885416,
        "sharpe_ratio": 1.2370550537250449,
        "avg_turnover": 0.709090909090909,
        "median_turnover": 0.8,
        "max_turnover": 0.95
    },
    "cost_10bps": {
        "cumulative_return": 0.11166526704076474,
        "annualized_return": 0.11166526704076474,
        "annualized_volatility": 0.09570248890219417,
        "max_drawdown": -0.05610701890885417,
        "sharpe_ratio": 1.1551794499899917,
        "avg_turnover": 0.709090909090909,
        "median_turnover": 0.8,
        "max_turnover": 0.95
    },
    "cost_20bps": {
        "cumulative_return": 0.10309215415452555,
        "annualized_return": 0.10309215415452555,
        "annualized_volatility": 0.09574364468106135,
        "max_drawdown": -0.057057018908854173,
        "sharpe_ratio": 1.073215343274217,
        "avg_turnover": 0.709090909090909,
        "median_turnover": 0.8,
        "max_turnover": 0.95
    }
}