{
    "cost_0bps": {
        "cumulative_return": 0.16931617743294414,
        "annualized_return": 0.16931617743294414,
        "annualized_volatility": 0.0885444197839018,
        "max_drawdown": -0.03911230487400186,
        "sharpe_ratio": 1.8182673035477945,
        "avg_turnover": 0.6727272727272727,
        "median_turnover": 0.7,
        "max_turnover": 0.9
    },
    "cost_10bps": {
        "cumulative_return": 0.16083048247350518,
        "annualized_return": 0.16083048247350518,
        "annualized_volatility": 0.08822118759724233,
        "max_drawdown": -0.0397623048740019,
        "sharpe_ratio": 1.7410491468999492,
        "avg_turnover": 0.6727272727272727,
        "median_turnover": 0.7,
        "max_turnover": 0.9
    },
    "cost_20bps": {
        "cumulative_return": 0.15240015173817878,
        "annualized_return": 0.15240015173817878,
        "annualized_volatility": 0.08790925987007392,
        "max_drawdown": -0.040412304874001825,
        "sharpe_ratio": 1.6630491898208748,
        "avg_turnover": 0.6727272727272727,
        "median_turnover": 0.7,
        "max_turnover": 0.9
    }
}