{
    "cost_0bps": {
        "cumulative_return": 1.0593431120500032,
        "annualized_return": 0.07491190074972298,
        "annualized_volatility": 0.1461062373283789,
        "max_drawdown": -0.23412973318476715,
        "sharpe_ratio": 0.5684274215700598,
        "avg_turnover": 0.7156250000000001,
        "median_turnover": 0.75,
        "max_turnover": 1.0
    },
    "cost_10bps": {
        "cumulative_return": 0.9015861272390078,
        "annualized_return": 0.06637903935726897,
        "annualized_volatility": 0.14604836864800758,
        "max_drawdown": -0.23875978325948843,
        "sharpe_ratio": 0.5137735700473179,
        "avg_turnover": 0.7156250000000001,
        "median_turnover": 0.75,
        "max_turnover": 1.0
    },
    "cost_20bps": {
        "cumulative_return": 0.7558099608962019,
        "annualized_return": 0.05790763346645189,
        "annualized_volatility": 0.14599489003675956,
        "max_drawdown": -0.24336519140747526,
        "sharpe_ratio": 0.4590625859781715,
        "avg_turnover": 0.7156250000000001,
        "median_turnover": 0.75,
        "max_turnover": 1.0
    }
}