{
    "cumulative_return": 1.2440492068329894,
    "annualized_return": 0.084184608497891,
    "annualized_volatility": 0.13959818912891098,
    "max_drawdown": -0.23523746599818607,
    "sharpe_ratio": 0.6503286662140223,
    "avg_turnover": 0.7263392857142856,
    "median_turnover": 0.75,
    "max_turnover": 1.0
}