{
    "cumulative_return": 0.16931614437065812,
    "annualized_return": 0.16931614437065812,
    "annualized_volatility": 0.0885444306336424,
    "max_drawdown": -0.03911231841693841,
    "sharpe_ratio": 1.818266767213506,
    "avg_turnover": 0.6727272727272727,
    "median_turnover": 0.7,
    "max_turnover": 0.9
}