{
    "cost_0bps": {
        "cumulative_return": 1.0593429275940296,
        "annualized_return": 0.07491189112170482,
        "annualized_volatility": 0.14610622334389017,
        "max_drawdown": -0.23412985288772747,
        "sharpe_ratio": 0.5684274003056236,
        "avg_turnover": 0.7156250000000001,
        "median_turnover": 0.75,
        "max_turnover": 1.0
    },
    "cost_10bps": {
        "cumulative_return": 0.9015859568742881,
        "annualized_return": 0.06637902980348787,
        "annualized_volatility": 0.14604835464318436,
        "max_drawdown": -0.23875990230610966,
        "sharpe_ratio": 0.5137735436127491,
        "avg_turnover": 0.7156250000000001,
        "median_turnover": 0.75,
        "max_turnover": 1.0
    },
    "cost_20bps": {
        "cumulative_return": 0.7558098035556731,
        "annualized_return": 0.057907623986396706,
        "annualized_volatility": 0.1459948760120075,
        "max_drawdown": -0.24336530980087767,
        "sharpe_ratio": 0.45906255434833293,
        "avg_turnover": 0.7156250000000001,
        "median_turnover": 0.75,
        "max_turnover": 1.0
    }
}