{
    "train": {
        "regression": {
            "MAE": 0.05785012506160899,
            "RMSE": 0.07927714002123146,
            "R2": 0.06324090848170083,
            "Directional_Accuracy": 0.555085542395187
        },
        "ranking": {
            "SpearmanRankCorr_mean": 0.004627638492477618,
            "TopKHitRate_mean": 0.20607508354218879,
            "Months_evaluated": 112
        }
    },
    "test_2025": {
        "regression": {
            "MAE": 0.05481223105225311,
            "RMSE": 0.0744465817291642,
            "R2": -0.004089846115675533,
            "Directional_Accuracy": 0.5564356435643565
        },
        "ranking": {
            "SpearmanRankCorr_mean": 0.006544968844552515,
            "TopKHitRate_mean": 0.19696969696969696,
            "Months_evaluated": 11
        }
    }
}