{
    "train": {
        "regression": {
            "MAE": 0.057903555162032466,
            "RMSE": 0.07934151704664433,
            "R2": 0.06168306148452407,
            "Directional_Accuracy": 0.5551795450272607
        },
        "ranking": {
            "SpearmanRankCorr_mean": -0.0012539973166562407,
            "TopKHitRate_mean": 0.20513001253132832,
            "Months_evaluated": 112
        }
    },
    "test_2025": {
        "regression": {
            "MAE": 0.05475735243137276,
            "RMSE": 0.07433960677755674,
            "R2": -0.001352182159055415,
            "Directional_Accuracy": 0.5514851485148515
        },
        "ranking": {
            "SpearmanRankCorr_mean": 0.021651980647333178,
            "TopKHitRate_mean": 0.19670388091440724,
            "Months_evaluated": 11
        }
    }
}