{
    "loss": [
        0.02417534403502941,
        0.016086792573332787,
        0.013792293146252632,
        0.012371284887194633,
        0.011368358507752419,
        0.01068897359073162,
        0.010054490529000759,
        0.009541078470647335,
        0.009174429811537266,
        0.00874161347746849,
        0.008536363020539284,
        0.008232444524765015,
        0.008066413924098015,
        0.007845095358788967,
        0.007673978805541992,
        0.007515947800129652,
        0.007359684910625219,
        0.007244252599775791,
        0.007149531506001949,
        0.007098628673702478,
        0.007030793000012636,
        0.006964540109038353,
        0.006947953719645739,
        0.006889267824590206,
        0.00681219482794404,
        0.006847667507827282,
        0.006769777741283178,
        0.006769463885575533,
        0.00672549894079566,
        0.006693998817354441,
        0.006707868538796902,
        0.006709110923111439,
        0.006715549621731043,
        0.006637854035943747,
        0.0065964749082922935,
        0.006641909014433622,
        0.006582138128578663,
        0.006713842507451773,
        0.006585283204913139,
        0.006635571829974651,
        0.006602347828447819,
        0.006558232009410858,
        0.006552116945385933,
        0.006531622260808945,
        0.00657862750813365,
        0.006605301517993212,
        0.006553027778863907,
        0.006524353288114071,
        0.006548824720084667,
        0.006535681430250406,
        0.006537283305078745,
        0.006556733977049589,
        0.006487260106950998,
        0.006564276292920113,
        0.006560841109603643,
        0.006576044484972954
    ],
    "mae": [
        0.08073700964450836,
        0.06214160472154617,
        0.060154400765895844,
        0.05932752043008804,
        0.05908816680312157,
        0.059100694954395294,
        0.058817699551582336,
        0.05880102142691612,
        0.058907411992549896,
        0.05865219980478287,
        0.05882894620299339,
        0.05867593362927437,
        0.05893489718437195,
        0.05876372754573822,
        0.058758027851581573,
        0.05884503200650215,
        0.05868395417928696,
        0.0586421899497509,
        0.058560848236083984,
        0.05866339057683945,
        0.058735232800245285,
        0.05860351771116257,
        0.05875037983059883,
        0.0587507002055645,
        0.05853607505559921,
        0.05875271558761597,
        0.05856776237487793,
        0.05858666077256203,
        0.05866121128201485,
        0.058560870587825775,
        0.05857345089316368,
        0.05860315263271332,
        0.05869664251804352,
        0.058475594967603683,
        0.05840165913105011,
        0.05846678465604782,
        0.05828031897544861,
        0.05872863158583641,
        0.05829744413495064,
        0.05836658552289009,
        0.05831191688776016,
        0.05825192853808403,
        0.05821638181805611,
        0.05810254067182541,
        0.05838771536946297,
        0.058385614305734634,
        0.05829620361328125,
        0.058114878833293915,
        0.0581841766834259,
        0.05812478065490723,
        0.05815054476261139,
        0.05823841318488121,
        0.058051224797964096,
        0.058245062828063965,
        0.05820281803607941,
        0.05816662684082985
    ],
    "val_loss": [
        0.015961041674017906,
        0.013414276763796806,
        0.011825524270534515,
        0.010696840472519398,
        0.00990135408937931,
        0.009258321486413479,
        0.00876285694539547,
        0.008300486952066422,
        0.007927932776510715,
        0.007564569357782602,
        0.007319669239223003,
        0.00710721779614687,
        0.0068917591124773026,
        0.006699968595057726,
        0.006521725095808506,
        0.006403952371329069,
        0.006365704350173473,
        0.006164874415844679,
        0.006118372082710266,
        0.006077874451875687,
        0.005979154724627733,
        0.005933553446084261,
        0.005850013345479965,
        0.00580331776291132,
        0.005787593778222799,
        0.0057810391299426556,
        0.0057573579251766205,
        0.005711591802537441,
        0.005670697893947363,
        0.005676595028489828,
        0.00563952699303627,
        0.005654490552842617,
        0.005705353803932667,
        0.005636157933622599,
        0.005646130070090294,
        0.005623938050121069,
        0.005635480396449566,
        0.0056140488013625145,
        0.005631279665976763,
        0.005642945412546396,
        0.005643087439239025,
        0.0056107840500772,
        0.005614604335278273,
        0.00562297785654664,
        0.0056327758356928825,
        0.0055844103917479515,
        0.005621552001684904,
        0.005619477946311235,
        0.005628656130284071,
        0.005637248978018761,
        0.005643308162689209,
        0.005627752747386694,
        0.005629460792988539,
        0.005631761159747839,
        0.005629576742649078,
        0.005627449136227369
    ],
    "val_mae": [
        0.05939841642975807,
        0.05782996863126755,
        0.057104114443063736,
        0.05664965137839317,
        0.05670734867453575,
        0.05669964849948883,
        0.05685090646147728,
        0.0569201298058033,
        0.056945811957120895,
        0.05652851238846779,
        0.05681990087032318,
        0.056932248175144196,
        0.05688269063830376,
        0.05688755214214325,
        0.05677182227373123,
        0.0566975474357605,
        0.05713854357600212,
        0.05655950307846069,
        0.056948404759168625,
        0.05706261843442917,
        0.0569106750190258,
        0.05691773071885109,
        0.05667320638895035,
        0.056531909853219986,
        0.05676738917827606,
        0.056905847042798996,
        0.05682273581624031,
        0.05680234357714653,
        0.05660654604434967,
        0.0567866675555706,
        0.05661630257964134,
        0.05670925974845886,
        0.05721505731344223,
        0.05654728412628174,
        0.05665462091565132,
        0.056493617594242096,
        0.05670631676912308,
        0.05651742219924927,
        0.0566118098795414,
        0.056728918105363846,
        0.056660063564777374,
        0.056536026298999786,
        0.056574031710624695,
        0.05663171038031578,
        0.056642159819602966,
        0.05636323243379593,
        0.0565853975713253,
        0.05651509761810303,
        0.056567806750535965,
        0.05666632577776909,
        0.05668250471353531,
        0.05656030774116516,
        0.056578971445560455,
        0.056574564427137375,
        0.056574124842882156,
        0.0565514974296093
    ],