{
    "loss": [
        0.024177316576242447,
        0.016082318499684334,
        0.013783304952085018,
        0.012331816367805004,
        0.01135985367000103,
        0.010669846087694168,
        0.010018461383879185,
        0.009514651261270046,
        0.009157129563391209,
        0.008749652653932571,
        0.0085371695458889,
        0.008234057575464249,
        0.008075461722910404,
        0.00783469993621111,
        0.007664429489523172,
        0.007535446435213089,
        0.007337882183492184,
        0.007242581341415644,
        0.007143118884414434,
        0.007105321157723665,
        0.007026987615972757,
        0.006961493287235498,
        0.006956241559237242,
        0.00690147140994668,
        0.006806786172091961,
        0.006846479140222073,
        0.006765592377632856,
        0.006781002972275019,
        0.006733824033290148,
        0.006690054200589657,
        0.006718507036566734,
        0.006709800101816654,
        0.006735664792358875,
        0.006697174161672592,
        0.006641080137342215,
        0.006685115862637758,
        0.0065755536779761314,
        0.00670995470136404,
        0.0066161369904875755,
        0.006661598104983568,
        0.006616022903472185,
        0.006567695178091526,
        0.006547146011143923,
        0.006543249357491732,
        0.0065763844177126884,
        0.006601392291486263,
        0.006548919714987278,
        0.006540834903717041,
        0.006563764531165361,
        0.006546491291373968,
        0.006535755004733801,
        0.006554836872965097,
        0.00649593910202384,
        0.006571054924279451,
        0.0065620532259345055,
        0.006583291105926037
    ],
    "mae": [
        0.08074672520160675,
        0.062104810029268265,
        0.06006486341357231,
        0.05920605733990669,
        0.05894778296351433,
        0.059034962207078934,
        0.05872306227684021,
        0.058697182685136795,
        0.05878550931811333,
        0.05860902741551399,
        0.05884182080626488,
        0.058654069900512695,
        0.05889769643545151,
        0.05875840783119202,
        0.0586734414100647,
        0.05890560895204544,
        0.0585893876850605,
        0.05861574783921242,
        0.058559101074934006,
        0.058710597455501556,
        0.05872754007577896,
        0.05860603600740433,
        0.05881853774189949,
        0.05882196128368378,
        0.05852602422237396,
        0.05872365087270737,
        0.058587588369846344,
        0.05863583832979202,
        0.05869078263640404,
        0.05864164978265762,
        0.058650147169828415,
        0.05867625027894974,
        0.058861956000328064,
        0.0587691068649292,
        0.05867902562022209,
        0.05863584950566292,
        0.05835995823144913,
        0.05870812013745308,
        0.05848909541964531,
        0.058554571121931076,
        0.05843150243163109,
        0.05830273777246475,
        0.05828838422894478,
        0.05819721147418022,
        0.05844397097826004,
        0.05842902511358261,
        0.058397501707077026,
        0.05826114863157272,
        0.058337174355983734,
        0.05819994583725929,
        0.05817446857690811,
        0.058307502418756485,
        0.05817179009318352,
        0.058323007076978683,
        0.05823514610528946,
        0.05823300778865814
    ],
    "val_loss": [
        0.01595999114215374,
        0.013370687142014503,
        0.011824695393443108,
        0.010734672658145428,
        0.009854044765233994,
        0.009276065044105053,
        0.00880992878228426,
        0.008313756436109543,
        0.007934019900858402,
        0.0076061333529651165,
        0.007326472084969282,
        0.007060865871608257,
        0.0068961079232394695,
        0.006713086739182472,
        0.006547725293785334,
        0.006407543085515499,
        0.006380992941558361,
        0.006192833185195923,
        0.00612690020352602,
        0.006088936701416969,
        0.00596863217651844,
        0.005960774142295122,
        0.005864218808710575,
        0.005794951226562262,
        0.00579979969188571,
        0.005766686983406544,
        0.005734817124903202,
        0.005705975461751223,
        0.005696565378457308,
        0.005649980623275042,
        0.005617399699985981,
        0.005661487579345703,
        0.005621601827442646,
        0.005619053728878498,
        0.005622517317533493,
        0.005611286964267492,
        0.005606417544186115,
        0.005594736896455288,
        0.005625265184789896,
        0.005617360584437847,
        0.005613800138235092,
        0.005586288403719664,
        0.005590691696852446,
        0.0056060501374304295,
        0.005605938844382763,
        0.0055796317756175995,
        0.005601746030151844,
        0.005595753900706768,
        0.005597259849309921,
        0.005609928630292416,
        0.005611685570329428,
        0.005602911114692688,
        0.005603349767625332,
        0.005603313446044922,
        0.0055992030538618565,
        0.005600612610578537
    ],
    "val_mae": [
        0.059501878917217255,
        0.057587552815675735,
        0.05712373927235603,
        0.05684242770075798,
        0.056553054600954056,
        0.05675794929265976,
        0.057131726294755936,
        0.05681871622800827,
        0.05681867152452469,
        0.05664887651801109,
        0.056674957275390625,
        0.05668407306075096,
        0.056894224137067795,
        0.056911468505859375,
        0.05683029070496559,
        0.05667303502559662,
        0.05725127458572388,
        0.056723807007074356,
        0.05694621056318283,
        0.057118725031614304,
        0.05680830031633377,
        0.05704822763800621,
        0.05677088350057602,
        0.0565476231276989,
        0.05682317912578583,
        0.05683505907654762,
        0.05673111230134964,
        0.056769467890262604,
        0.05686556175351143,
        0.056655153632164,
        0.05659400671720505,
        0.05686049163341522,
        0.05671396851539612,
        0.05666407570242882,
        0.05674080550670624,
        0.056686677038669586,
        0.056551989167928696,
        0.05646953359246254,
        0.056744784116744995,
        0.05672949180006981,
        0.0566592738032341,
        0.056476153433322906,
        0.056520719081163406,
        0.05660495534539223,
        0.05656296759843826,
        0.05641663819551468,
        0.05651530250906944,
        0.05646980181336403,
        0.056468378752470016,
        0.05659380182623863,
        0.05660126358270645,
        0.0564928762614727,
        0.056523535400629044,
        0.056498799473047256,
        0.05649571493268013,
        0.05649065971374512
    ],