{
    "loss": [
        0.02417534776031971,
        0.016086794435977936,
        0.013792295940220356,
        0.012371291406452656,
        0.0113671300932765,
        0.010688661597669125,
        0.010034406557679176,
        0.009523477405309677,
        0.009155265055596828,
        0.008771363645792007,
        0.008527305908501148,
        0.008207208476960659,
        0.008059135638177395,
        0.007835832424461842,
        0.007665556855499744,
        0.0075177657417953014,
        0.007357858121395111,
        0.00723568070679903,
        0.007132064551115036,
        0.0070981718599796295,
        0.007023863028734922,
        0.006963068153709173,
        0.006959087215363979,
        0.006900878623127937,
        0.006806967314332724,
        0.006865582894533873,
        0.006768431514501572,
        0.006773852277547121,
        0.006739677861332893,
        0.006640417966991663,
        0.006678724195808172,
        0.006668924819678068,
        0.00670081190764904,
        0.006653280463069677,
        0.006605875212699175,
        0.006638785824179649,
        0.006580238696187735,
        0.0067040747962892056,
        0.006604062858968973,
        0.00665093120187521,
        0.00660640699788928,
        0.006562568247318268,
        0.006550558377057314,
        0.006538453046232462,
        0.006576433312147856,
        0.006602165289223194,
        0.006550339050590992,
        0.006534384563565254,
        0.006562800612300634,
        0.006553013343364,
        0.00654267892241478,
        0.006567583419382572
    ],
    "mae": [
        0.08073705434799194,
        0.06214161217212677,
        0.06015440449118614,
        0.05932937189936638,
        0.059097737073898315,
        0.059109266847372055,
        0.05883142352104187,
        0.058847226202487946,
        0.058810606598854065,
        0.058711033314466476,
        0.0587940476834774,
        0.05858203023672104,
        0.058804962784051895,
        0.0587586984038353,
        0.05869416519999504,
        0.058837175369262695,
        0.05866309627890587,
        0.05859871953725815,
        0.05852265655994415,
        0.058603934943675995,
        0.058665718883275986,
        0.05854647979140282,
        0.05881607532501221,
        0.05879632383584976,
        0.058516960591077805,
        0.05882157385349274,
        0.05854454264044762,
        0.05862317979335785,
        0.0586506724357605,
        0.05829547345638275,
        0.058414217084646225,
        0.05837969481945038,
        0.05853193998336792,
        0.05845484510064125,
        0.058390676975250244,
        0.058372512459754944,
        0.05820824205875397,
        0.05857156962156296,
        0.05831136927008629,
        0.05838582292199135,
        0.05820959061384201,
        0.05818302184343338,
        0.05813894793391228,
        0.058058541268110275,
        0.05832048878073692,
        0.058318525552749634,
        0.05824292451143265,
        0.05809760466217995,
        0.05818210542201996,
        0.05808229371905327,
        0.05809103697538376,
        0.05820931866765022
    ],
    "val_loss": [
        0.015961043536663055,
        0.013414277695119381,
        0.011825524270534515,
        0.01069560181349516,
        0.009903713129460812,
        0.009226486086845398,
        0.008783619850873947,
        0.008301632478833199,
        0.00790299940854311,
        0.007612297777086496,
        0.007299524266272783,
        0.007123742718249559,
        0.00689519802108407,
        0.006713162641972303,
        0.006597277708351612,
        0.006461774464696646,
        0.006351000629365444,
        0.006180275231599808,
        0.006191811989992857,
        0.0060864523984491825,
        0.005965875927358866,
        0.005932546220719814,
        0.005871284753084183,
        0.005795512348413467,
        0.0057863276451826096,
        0.005809103138744831,
        0.005755014717578888,
        0.005731798242777586,
        0.005699685774743557,
        0.005685742944478989,
        0.005660051014274359,
        0.005703228060156107,
        0.005680310074239969,
        0.005663466174155474,
        0.005672530271112919,
        0.005653653293848038,
        0.005661157891154289,
        0.005642393603920937,
        0.005654612090438604,
        0.005654410924762487,
        0.0056639183312654495,
        0.0056373379193246365,
        0.005637466441839933,
        0.005642000585794449,
        0.005650954321026802,
        0.005638414062559605,
        0.005644150543957949,
        0.005645336117595434,
        0.005648049991577864,
        0.0056569622829556465,
        0.005660501774400473,
        0.005653419066220522
    ],
    "val_mae": [
        0.05939840152859688,
        0.057829972356557846,
        0.05710410699248314,
        0.05664781108498573,
        0.05675947293639183,
        0.056490957736968994,
        0.05688285455107689,
        0.05689782649278641,
        0.05669870600104332,
        0.05681328475475311,
        0.056542810052633286,
        0.056876931339502335,
        0.05672185868024826,
        0.05686983838677406,
        0.05713406950235367,
        0.056856174021959305,
        0.05701594799757004,
        0.056600116193294525,
        0.057204850018024445,
        0.057001449167728424,
        0.05679485574364662,
        0.05683053657412529,
        0.0567365437746048,
        0.05649730563163757,
        0.05672963336110115,
        0.056860171258449554,
        0.05676954239606857,
        0.05683090537786484,
        0.0567421056330204,
        0.05662810429930687,
        0.056468985974788666,
        0.056788552552461624,
        0.056790851056575775,
        0.056704699993133545,
        0.056718915700912476,
        0.056521542370319366,
        0.05663302540779114,
        0.056462690234184265,
        0.05666594207286835,
        0.056681424379348755,
        0.05658043548464775,
        0.05648881942033768,
        0.05651400238275528,
        0.05655286833643913,
        0.056557219475507736,
        0.056459538638591766,
        0.056512922048568726,
        0.05651720240712166,
        0.056537456810474396,
        0.056602995842695236,
        0.056617215275764465,
        0.05656019225716591
    ],
    "learning_rate": [
        0.0010000000474974513,
        0.0010000000474974513,
        0.0010000000474974513,
        0.0010000000474974513,
        0.0010000000474974513,
        0.0010000000474974513,
        0.0010000000474974513,
        0.0010000000474974513,
        0.0010000000474974513,
        0.0010000000474974513,
        0.0010000000474974513,
        0.0010000000474974513,
        0.0010000000474974513,
        0.0010000000474974513,
        0.0010000000474974513,
        0.0010000000474974513,
        0.0010000000474974513,
        0.0010000000474974513,
        0.0010000000474974513,
        0.0010000000474974513,
        0.0010000000474974513,
        0.0010000000474974513,
        0.0010000000474974513,
        0.0010000000474974513,
        0.0010000000474974513,
        0.0010000000474974513,
        0.0010000000474974513,
        0.0010000000474974513,
        0.0010000000474974513,
        0.0005000000237487257,
        0.0005000000237487257,
        0.0005000000237487257,
        0.0005000000237487257,
        0.0005000000237487257,
        0.0005000000237487257,
        0.0002500000118743628,
        0.0002500000118743628,
        0.0002500000118743628,
        0.0002500000118743628,
        0.0002500000118743628,
        0.0001250000059371814,
        0.0001250000059371814,
        0.0001250000059371814,
        0.0001250000059371814,
        0.0001250000059371814,
        6.25000029685907e-05,
        6.25000029685907e-05,
        6.25000029685907e-05,
        6.25000029685907e-05,
        6.25000029685907e-05,
        3.125000148429535e-05,
        3.125000148429535e-05
    ]
}